Date,Open,High,Low,Close,Volume
2008-01-01,27.46,0.001,27.46,27.46,0.01
2008-01-02,27.35,0.002,27.34,27.57,1447513
2008-01-03,27.36,0.003,27.08,27.33,3042581
2008-01-04,27.4,0.004,27.19,27.41,2567857
2008-01-07,27,0.005,26.69,26.69,4416122
2008-01-08,26.75,0.006,26.6,26.75,4380262
2008-01-09,26.54,0.007,26.11,26.35,6452342
2008-01-10,26.44,0.008,26.11,26.11,6263272
2008-01-11,26.3,0.009,25.71,25.72,7464135
2008-01-14,25.31,0.01,25.11,25.68,8364990
2008-01-15,26,0.011,25.66,26.09,9269669
2008-01-16,25.57,0.012,25.31,25.94,8898598
2008-01-17,26.11,0.013,25.75,26.2,11128630
2008-01-18,25.59,0.014,25.5,26.93,7932953
2008-01-21,26.65,0.015,26.1,26.2,8836731
2008-01-22,25.36,0.016,24.35,24.35,14266170
2008-01-23,25.69,0.017,24.9,25.22,14706940
2008-01-24,25.9,0.018,25.67,26.02,8396795
2008-01-25,26.25,0.019,26.23,27.49,9586347
2008-01-28,27.49,0.02,27.49,27.49,0
2008-01-29,27.5,0.021,26.31,26.45,7457012
2008-01-30,26.94,0.022,25.85,25.99,6567215
2008-01-31,25.5,0.023,25.14,26.01,8637879
2008-02-01,26.38,0.024,26.15,26.89,7175158
2008-02-04,27.25,0.025,26.3,26.7,7354632
2008-02-05,26.93,0.026,26.36,26.4,5004652
2008-02-06,25.68,0.027,25.29,25.44,6212978
2008-02-07,25.39,0.028,24.44,25,8216784
2008-02-08,25.38,0.029,25.2,25.6,4479468
2008-02-11,25.5,0.03,24.56,24.8,4822789
2008-02-12,25.05,0.031,24.46,25.3,6818056
2008-02-13,25.18,0.032,23.6,23.8,12789090
2008-02-14,24.01,0.033,23.63,24.44,14188570
2008-02-15,23.9,0.034,23.56,23.91,6800048
2008-02-18,22.82,0.035,22.41,22.46,12512080
2008-02-19,22.65,0.036,22.53,22.6,10153990
2008-02-20,22.9,0.037,21.9,22,9422466
2008-02-21,22.25,0.038,20.83,22,17642060
2008-02-22,21.65,0.039,21.35,22.36,9018543
2008-02-25,22.71,0.04,22.3,22.6,8289539
2008-02-26,22.66,0.041,22.4,22.87,9157164
2008-02-27,23,0.042,22.99,23.55,8532197
2008-02-28,23.18,0.043,22.52,22.7,6931671
2008-02-29,22.38,0.044,21.63,22,10021170
2008-03-03,21.2,0.045,20.93,20.93,7931076
2008-03-04,20.97,0.046,20.56,21.44,11277240
2008-03-05,21.56,0.047,20.49,21.31,11636930
2008-03-06,21.76,0.048,20.97,21.19,10537940
2008-03-07,20.28,0.049,19.91,20.26,11685020
2008-03-10,19.76,0.05,19.38,19.99,11974980
2008-03-11,19.53,0.051,19.39,20.85,12067060
2008-03-12,22.35,0.052,21.75,22.05,11252990
2008-03-13,22,0.053,21.2,21.47,13402560
2008-03-14,22,0.054,21.09,21.6,8417921
2008-03-17,20.6,0.055,20.03,20.54,13417940
2008-03-18,20.75,0.056,20.57,21,11795280
2008-03-19,22.26,0.057,21.98,22.69,14602980
2008-03-20,22.6,0.058,22.2,22.98,26036570
2008-03-21,22.98,0.059,22.98,22.98,0
2008-03-24,22.98,0.06,22.98,22.98,0
2008-03-25,23.98,0.061,23.76,24.33,11288520
2008-03-26,24.34,0.062,23.58,24.12,5891533
2008-03-27,23.66,0.063,23.66,23.85,10074300
2008-03-28,23.36,0.064,22.61,23.18,17646370
2008-03-31,22.8,0.065,22.48,22.55,9076011
2008-04-01,22.8,0.066,22.06,22.41,7592251
2008-04-02,23.45,0.067,23.16,23.54,10397260
2008-04-03,23.65,0.068,23.1,24.14,8648189
2008-04-04,24.25,0.069,23.56,23.56,7528598
2008-04-07,22.3,0.07,22.01,22.01,15787690
2008-04-08,21.99,0.071,21.55,21.67,12652250
2008-04-09,21.61,0.072,20.96,20.96,12023780
2008-04-10,20.69,0.073,20.29,20.57,12517030
2008-04-11,20.5,0.074,20.41,20.94,7478886
2008-04-14,20.3,0.075,20.25,20.45,5685942
2008-04-15,20.16,0.076,19.95,20.4,12115760
2008-04-16,20.8,0.077,20.36,20.71,8861644
2008-04-17,21.35,0.078,20.72,20.72,9796093
2008-04-18,20.65,0.079,20.05,20.05,7310478
2008-04-21,20.5,0.08,20.4,21.5,9384809
2008-04-22,21.2,0.081,20.85,21.14,8214107
2008-04-23,21.09,0.082,21.09,22.03,18470440
2008-04-24,21.65,0.083,21.5,21.51,15086780
2008-04-25,21.51,0.084,21.51,21.51,0
2008-04-28,22.03,0.085,21.91,22.2,11167020
2008-04-29,22.41,0.086,21.87,22.06,8707891
2008-04-30,21.9,0.087,21.65,21.9,6547897
2008-05-01,21.77,0.088,21.6,21.67,4861558
2008-05-02,22.25,0.089,22.23,22.86,7665961
2008-05-05,23.01,0.09,22.96,23.25,10526120
2008-05-06,23.1,0.091,22.72,22.9,6671695
2008-05-07,23.17,0.092,22.3,22.3,10526980
2008-05-08,21.39,0.093,21.12,22.17,9130911
2008-05-09,22.36,0.094,22.2,23,15004100
2008-05-12,23.5,0.095,23.33,23.7,11435090
2008-05-13,24.15,0.096,23.05,23.13,12427060
2008-05-14,23,0.097,22.6,22.72,9388146
2008-05-15,22.87,0.098,22.31,22.31,8400275
2008-05-16,22.55,0.099,22.31,22.95,11143560
2008-05-19,23.15,0.1,22.63,22.68,7953660
2008-05-20,22.51,0.101,22.1,22.1,8567921
2008-05-21,21.8,0.102,21.55,21.59,6790879
2008-05-22,21.25,0.103,21.12,21.49,11265240
2008-05-23,21.6,0.104,20.98,21,10814110
2008-05-26,20.8,0.105,20.75,21.15,8773373
2008-05-27,20.92,0.106,20.92,21.33,6834802
2008-05-28,21.5,0.107,21.09,21.42,9055977
2008-05-29,21.65,0.108,21.26,21.35,7573741
2008-05-30,21.28,0.109,21.11,21.68,13864320
2008-06-02,21.5,0.11,20.81,20.9,9408276
2008-06-03,20.56,0.111,20.22,20.38,12453020
2008-06-04,20.46,0.112,20.34,20.47,9048508
2008-06-05,20.5,0.113,20.44,20.75,7928898
2008-06-06,21.2,0.114,20.48,20.74,6898542
2008-06-09,20.74,0.115,20.74,20.74,0
2008-06-10,20.21,0.116,19.98,20.08,10892880
2008-06-11,20.41,0.117,20.13,20.4,9895391
2008-06-12,19.99,0.118,19.57,19.57,10675840
2008-06-13,19.99,0.119,18.85,19.65,18093410
2008-06-16,19.71,0.12,19.22,19.4,8370855
2008-06-17,19.53,0.121,18.98,19.75,13879280
2008-06-18,19.5,0.122,19.27,19.51,13123590
2008-06-19,18.99,0.123,18.68,18.68,16403710
2008-06-20,18.8,0.124,18.3,18.78,11969950
2008-06-23,18.45,0.125,18.25,18.6,10499750
2008-06-24,18.4,0.126,17.91,17.95,16162670
2008-06-25,18.16,0.127,18.03,18.62,13043320
2008-06-26,19.02,0.128,18.95,19,13302080
2008-06-27,18.11,0.129,18,18.95,20676750
2008-06-30,19.1,0.13,18.65,18.72,12857920
2008-07-01,18.78,0.131,17.7,17.77,11136000
2008-07-02,17.9,0.132,17.5,18.3,17228120
2008-07-03,18,0.133,17.91,18.71,12517220
2008-07-04,18.95,0.134,18.66,19.52,12393470
2008-07-07,19.42,0.135,18.83,19.2,9274959
2008-07-08,19.15,0.136,18.59,18.6,7778017
2008-07-09,19.14,0.137,18.65,18.8,12675280
2008-07-10,18.22,0.138,18.07,18.37,12816420
2008-07-11,18.16,0.139,17.91,17.95,9900119
2008-07-14,17.9,0.14,17.52,17.8,10763970
2008-07-15,17.55,0.141,17.1,17.12,9761461
2008-07-16,16.95,0.142,16.89,18.09,15620330
2008-07-17,18.8,0.143,18.3,18.39,11532400
2008-07-18,18.45,0.144,18.1,18.21,7583131
2008-07-21,18.6,0.145,18.55,18.8,8317427
2008-07-22,18.52,0.146,18.06,18.07,10676140
2008-07-23,18.5,0.147,18.36,18.9,19234270
2008-07-24,18.73,0.148,18.72,19.45,20017200
2008-07-25,18.18,0.149,17.6,17.75,20886890
2008-07-28,16.22,0.15,15.4,15.81,37087340
2008-07-29,15.51,0.151,15.46,15.53,26829310
2008-07-30,16.1,0.152,15.9,16.1,15809310
2008-07-31,16.48,0.153,16.08,16.25,21616680
2008-08-01,16.1,0.154,15.99,16.17,8900129
2008-08-04,16.25,0.155,16.16,16.45,5718260
2008-08-05,16.45,0.156,16.2,17.01,13209210
2008-08-06,17.62,0.157,17.52,17.99,15801020
2008-08-07,17.85,0.158,17.57,17.99,13307370
2008-08-08,17.5,0.159,17.32,17.35,11731700
2008-08-11,17.71,0.16,17.53,17.78,7167732
2008-08-12,17.88,0.161,17.35,17.47,11432960
2008-08-13,17.17,0.162,16.88,16.99,13565290
2008-08-14,16.95,0.163,16.56,16.72,15904670
2008-08-15,16.97,0.164,16.7,16.9,7070507
2008-08-18,16.67,0.165,16.61,16.77,7288518
2008-08-19,16.5,0.166,16.15,16.15,11401020
2008-08-20,16,0.167,15.88,16.03,12269150
2008-08-21,16.03,0.168,15.49,15.59,13520970
2008-08-22,15.41,0.169,15.32,15.67,18906520
2008-08-25,15.98,0.17,15.91,15.91,14437860
2008-08-26,15.6,0.171,15.44,16.12,17386280
2008-08-27,16.14,0.172,15.8,16.08,12002970
2008-08-28,16.11,0.173,15.93,16.2,12427890
2008-08-29,16.48,0.174,16.4,16.61,16557330
2008-09-01,16.45,0.175,16.38,16.65,6951428
2008-09-02,16.75,0.176,16.73,16.97,10288740
2008-09-03,17.19,0.177,16.75,16.8,17609830
2008-09-04,16.88,0.178,16.66,16.92,15658270
2008-09-05,16.36,0.179,16.2,16.26,11136090
2008-09-08,16.89,0.18,16.8,17.6,26073800
2008-09-09,17.75,0.181,17.11,17.41,13221280
2008-09-10,16.83,0.182,16.65,17.61,11409180
2008-09-11,17.4,0.183,16.8,16.85,10636440
2008-09-12,17.05,0.184,16.77,17.25,9487467
2008-09-15,16.8,0.185,16.33,16.87,14518730
2008-09-16,16.3,0.186,15.82,16.36,35149830
2008-09-17,16.69,0.187,16,16,18706340
2008-09-18,15.21,0.188,15.07,15.45,22308020
2008-09-19,16.35,0.189,16.25,17.71,24562170
2008-09-22,19.49,0.19,18.41,19.15,19595130
2008-09-23,18.35,0.191,17.9,18.04,8636174
2008-09-24,18.29,0.192,18,18.64,12149410
2008-09-25,18.41,0.193,18.34,18.52,11234020
2008-09-26,18.85,0.194,18.25,19,11423550
2008-09-29,19,0.195,18.63,18.79,7181269
2008-09-30,17.3,0.196,17.3,18.75,14543300
2008-10-01,19,0.197,18.7,19.3,11087200
2008-10-02,19.45,0.198,18.57,18.98,9624173
2008-10-03,18.41,0.199,18.22,18.71,5988825
2008-10-06,18.5,0.2,17.83,18.05,3730907
2008-10-07,17.5,0.201,17.5,18.15,8160367
2008-10-08,17.4,0.202,16.9,17,9624813
2008-10-09,17,0.203,16.58,16.65,7843917
2008-10-10,16.03,0.204,15.3,15.3,12562290
2008-10-13,16.5,0.205,16.17,17.3,14892570
2008-10-14,18.7,0.206,18.08,18.25,17508960
2008-10-15,18.32,0.207,17.95,18.2,8963085
2008-10-16,17.6,0.208,17.19,17.33,8381060
2008-10-17,17.75,0.209,16.77,16.85,7357939
2008-10-20,17.18,0.21,16.9,17.73,7681756
2008-10-21,18.2,0.211,17.73,18.85,12935810
2008-10-22,18.37,0.212,18.37,19,11255720
2008-10-23,18.2,0.213,17.91,18.01,10962760
2008-10-24,18.5,0.214,17.12,17.55,11146520
2008-10-27,17.55,0.215,16.82,17,7004030
2008-10-28,16.7,0.216,16.15,16.93,7705771
2008-10-29,17.65,0.217,17,17.24,10790040
2008-10-30,17.34,0.218,17.02,17.56,9122506
2008-10-31,17.39,0.219,16.97,17.36,10770100
2008-11-03,17.55,0.22,17.55,18.5,9400896
2008-11-04,18.4,0.221,18.2,18.8,8456702
2008-11-05,19.21,0.222,18.97,19,15036130
2008-11-06,17.5,0.223,16.95,16.95,15938600
2008-11-07,16.42,0.224,15.98,16.29,15909510
2008-11-10,16.3,0.225,15.7,15.9,15991650
2008-11-11,15.62,0.226,15.5,15.68,8352164
2008-11-12,15.56,0.227,15.4,15.4,8168897
2008-11-13,15.25,0.228,14.05,14.05,15757840
2008-11-14,14.67,0.229,13.78,13.78,13415130
2008-11-17,13.88,0.23,13.04,13.24,11733090
2008-11-18,13,0.231,12.65,13.04,17274540
2008-11-19,13.35,0.232,12.86,13.82,17358540
2008-11-20,13.2,0.233,13,13,17613450
2008-11-21,12.5,0.234,12.3,13.36,17679210
2008-11-24,13.32,0.235,12.73,12.9,13009430
2008-11-25,13.66,0.236,13.51,14.55,21989140
2008-11-26,14.3,0.237,13.96,14.05,11840910
2008-11-27,14.5,0.238,13.81,14,11433390
2008-11-28,13.87,0.239,13.63,14.8,17370430
2008-12-01,14.8,0.24,14.25,14.38,9503774
2008-12-02,13.86,0.241,13.76,13.95,10477620
2008-12-03,14.25,0.242,13.85,14.16,11180530
2008-12-04,14.5,0.243,14.21,14.42,10502330
2008-12-05,13.91,0.244,13.91,14.6,11017420
2008-12-08,14.75,0.245,14.68,14.93,11394250
2008-12-09,14.7,0.246,14.05,14.1,15021410
2008-12-10,14.13,0.247,13.9,14.15,12457760
2008-12-11,14.25,0.248,14.04,14.42,11340840
2008-12-12,14.15,0.249,14.15,14.56,6291556
2008-12-15,14.83,0.25,14.7,15,6911798
2008-12-16,14.85,0.251,14.31,14.36,11332290
2008-12-17,14.1,0.252,13.48,13.7,19565290
2008-12-18,14,0.253,13.81,14.27,24971470
2008-12-19,14.15,0.254,14.02,14.64,20217940
2008-12-22,14.6,0.255,14.6,14.86,4407987
2008-12-23,14.81,0.256,14.5,14.87,4262336
2008-12-24,14.84,0.257,14.55,14.87,2704435
2008-12-25,14.87,0.258,14.87,14.87,0
2008-12-26,14.87,0.259,14.87,14.87,0
2008-12-29,14.98,0.26,14.72,15.3,4110896
2008-12-30,15.29,0.261,15.13,15.25,2750793
2008-12-31,15.3,0.262,15.2,15.29,2950865
2009-01-01,15.29,0.263,15.29,15.29,0
2009-01-02,15.29,0.264,15,15.18,2413777
2009-01-05,15.4,0.265,14.88,15.07,2923797
2009-01-06,15.3,0.266,15.1,15.4,3134140
2009-01-07,15.45,0.267,15.26,15.35,4504416
2009-01-08,15.25,0.268,15,15.22,3242619
2009-01-09,15.25,0.269,15,15.2,2930626
2009-01-12,15.13,0.27,14.98,15.08,2638986
2009-01-13,14.97,0.271,14.66,14.85,4614420
2009-01-14,15.01,0.272,14.92,15.33,6863370
2009-01-15,15,0.273,14.43,14.57,7439727
2009-01-16,14.86,0.274,14.15,14.3,5843052
2009-01-19,14.3,0.275,14.3,14.43,4963481
2009-01-20,14.1,0.276,13.64,13.7,9493933
2009-01-21,13.5,0.277,13.06,13.17,10647390
2009-01-22,13.69,0.278,13,13,10041500
2009-01-23,12.95,0.279,11.97,12.06,15288090
2009-01-26,12.06,0.28,12.06,12.06,0
2009-01-27,12.47,0.281,12.21,12.4,9928981
2009-01-28,12.5,0.282,12.27,13.21,9747653
2009-01-29,13.55,0.283,13.1,13.27,5468700
2009-01-30,13.05,0.284,12.84,13.27,9663837
2009-02-02,13.12,0.285,13.01,13.26,4284334
2009-02-03,13.7,0.286,13.6,13.7,12710660
2009-02-04,13.79,0.287,13.24,13.28,5970936
2009-02-05,13.14,0.288,12.34,12.34,11605980
2009-02-06,12.58,0.289,12.27,12.3,8338504
2009-02-09,12.61,0.29,12.44,12.46,5874373
2009-02-10,12.38,0.291,12.08,12.45,6465274
2009-02-11,12.09,0.292,12.02,12.02,9133171
2009-02-12,12.2,0.293,11.83,11.89,12105510
2009-02-13,12.3,0.294,12.25,12.96,11677550
2009-02-16,12.73,0.295,12.66,12.98,5083922
2009-02-17,12.86,0.296,12.4,12.42,6992927
2009-02-18,12.15,0.297,12.1,12.4,6073257
2009-02-19,12.4,0.298,12.33,12.6,5689777
2009-02-20,12.45,0.299,12.29,12.45,6202536
2009-02-23,12.26,0.3,12.06,12.46,6912567
2009-02-24,12.2,0.301,12.19,12.63,5215452
2009-02-25,12.86,0.302,12.38,12.5,6081849
2009-02-26,12.48,0.303,12.36,13.05,17901920
2009-02-27,13,0.304,12.88,13.31,16994800
2009-03-02,13.11,0.305,12.82,13.1,9732638
2009-03-03,12.71,0.306,12.58,12.96,7020633
2009-03-04,12.64,0.307,12.45,12.45,6708112
2009-03-05,12.71,0.308,12.37,12.65,5680177
2009-03-06,12.33,0.309,12.31,12.36,5230658
2009-03-09,12.48,0.31,12.38,12.53,3940905
2009-03-10,12.5,0.311,12.43,12.74,5003824
2009-03-11,13,0.312,12.94,13.15,7778028
2009-03-12,13.2,0.313,12.83,12.86,5536859
2009-03-13,13.18,0.314,13.1,13.49,8678527
2009-03-16,13.54,0.315,13.4,14.05,14390810
2009-03-17,14.05,0.316,13.92,14.43,6808813
2009-03-18,14.7,0.317,14.44,14.8,11171420
2009-03-19,14.95,0.318,14.58,14.76,20440220
2009-03-20,14.6,0.319,14.18,14.55,8946929
2009-03-23,14.4,0.32,14.28,15.25,6774372
2009-03-24,15.79,0.321,15.27,15.5,10891680
2009-03-25,15.5,0.322,15.4,16.2,8692397
2009-03-26,16.29,0.323,16.1,16.8,12916140
2009-03-27,16.99,0.324,16.38,16.55,16467210
2009-03-30,16.3,0.325,15.71,15.85,8047323
2009-03-31,15.54,0.326,15.53,15.75,9759749
2009-04-01,15.77,0.327,15.63,15.88,5307388
2009-04-02,16.2,0.328,16.05,16.34,4594011
2009-04-03,16.9,0.329,16.8,17.4,17097600
2009-04-06,17.39,0.33,17.17,17.2,5383344
2009-04-07,17.01,0.331,16.77,17,6271174
2009-04-08,16.6,0.332,16.15,16.3,6736399
2009-04-09,16.35,0.333,16.17,16.62,4507496
2009-04-10,16.62,0.334,16.62,16.62,0
2009-04-13,16.62,0.335,16.62,16.62,0
2009-04-14,17.41,0.336,17.16,17.32,6778446
2009-04-15,17.06,0.337,16.96,16.99,4806103
2009-04-16,17.05,0.338,16.69,16.81,7968255
2009-04-17,17,0.339,16.7,16.7,8103205
2009-04-20,16.81,0.34,16.6,17.05,6025224
2009-04-21,16.53,0.341,16.32,16.37,6495696
2009-04-22,16.59,0.342,16.22,16.35,4666540
2009-04-23,16.4,0.343,16.31,17.03,7618208
2009-04-24,17.2,0.344,16.77,16.91,13700590
2009-04-27,16.85,0.345,16.38,16.85,5340681
2009-04-28,16.88,0.346,16.52,16.63,5150748
2009-04-29,15.8,0.347,15.4,15.4,18692240
2009-04-30,15.75,0.348,15.67,15.9,9752739
2009-05-01,15.8,0.349,15.74,16,4131349
2009-05-04,16.1,0.35,16.05,16.62,6620502
2009-05-05,16.95,0.351,16.55,16.55,7102496
2009-05-06,16.68,0.352,16.5,16.64,5146868
2009-05-07,16.58,0.353,16.44,16.63,18398700
2009-05-08,16.53,0.354,16.32,16.49,12138700
2009-05-11,16.5,0.355,16.14,16.22,6315189
2009-05-12,16.1,0.356,15.9,15.97,6616636
2009-05-13,15.92,0.357,15.69,15.71,6036567
2009-05-14,15.58,0.358,15.28,15.37,6095785
2009-05-15,15.6,0.359,15.2,15.27,6035644
2009-05-18,15.1,0.36,14.98,15.3,4920449
2009-05-19,15.59,0.361,15.43,15.57,6187728
2009-05-20,15.7,0.362,15.39,15.55,6287194
2009-05-21,15.35,0.363,15.3,15.63,9040246
2009-05-22,15.37,0.364,15.33,15.41,5754812
2009-05-25,15.18,0.365,15.09,15.2,9353233
2009-05-26,15.18,0.366,15.01,15.57,146004
2009-05-27,15.57,0.367,15.57,15.57,183172
2009-05-28,15.07,0.368,14.9,15.38,63584792
2009-05-29,15.67,0.369,15.53,15.9,32734650
2009-06-01,16,0.37,15.67,16.19,17310996
2009-06-02,16.23,0.371,15.91,15.98,18347057
2009-06-03,15.72,0.372,15.68,16.36,21870178
2009-06-04,16.28,0.373,16.13,16.84,26113978
2009-06-05,16.74,0.374,16.17,16.3,13665748
2009-06-08,16.3,0.375,16.3,16.3,0
2009-06-09,16.52,0.376,16.23,16.41,13847362
2009-06-10,16.56,0.377,16.53,16.82,15237943
2009-06-11,16.8,0.378,16.63,16.88,12091612
2009-06-12,16.9,0.379,16.88,17.3,18045869
2009-06-15,17.16,0.38,17.1,17.3,20724042
2009-06-16,17.06,0.381,16.7,16.8,13424046
2009-06-17,16.75,0.382,16.3,16.45,12332252
2009-06-18,16.64,0.383,16.24,16.35,15701717
2009-06-19,16.43,0.384,16.41,16.55,10843418
2009-06-22,16.57,0.385,16.47,16.58,8971024
2009-06-23,16.19,0.386,15.99,16.03,9551095
2009-06-24,16.15,0.387,15.95,16,12798338
2009-06-25,15.95,0.388,15.95,16.05,10917648
2009-06-26,16.15,0.389,16.13,16.4,17035489
2009-06-29,16.4,0.39,16.1,16.21,9918894
2009-06-30,16.41,0.391,16.34,16.49,10890949
2009-07-01,16.48,0.392,16.15,16.25,7484038
2009-07-02,16.45,0.393,16.13,16.13,7405093
2009-07-03,15.95,0.394,15.9,16.15,5937621
2009-07-06,16.02,0.395,15.94,15.98,5548145
2009-07-07,16.02,0.396,15.88,15.9,5294171
2009-07-08,15.9,0.397,15.82,16.3,13586248
2009-07-09,16.17,0.398,15.77,15.85,11810536
2009-07-10,15.71,0.399,15.68,16.03,10201629
2009-07-13,16.01,0.4,15.69,15.75,10151238
2009-07-14,16.01,0.401,15.97,16.38,13124969
2009-07-15,16.38,0.402,16.25,16.5,9912704
2009-07-16,16.69,0.403,16.53,16.65,8907484
2009-07-17,16.74,0.404,16.68,16.76,7532117
2009-07-20,16.79,0.405,16.58,16.87,8985008
2009-07-21,16.85,0.406,16.7,16.77,5027994
2009-07-22,16.6,0.407,16.6,16.9,11643100
2009-07-23,16.9,0.408,16.62,16.77,10470904
2009-07-24,17,0.409,16.81,16.95,8966895
2009-07-27,17.03,0.41,17,17.08,11764989
2009-07-28,17.09,0.411,17.06,17.13,9837546
2009-07-29,17.1,0.412,17.08,17.12,9138454
2009-07-30,17.32,0.413,17.2,17.74,11510714
2009-07-31,18.31,0.414,18.04,18.53,32406280
2009-08-03,18.75,0.415,18.72,19,11619609
2009-08-04,19.39,0.416,19.12,19.57,24732336
2009-08-05,19.7,0.417,19.1,19.23,13815624
2009-08-06,19.22,0.418,19.15,19.47,9600738
2009-08-07,19.48,0.419,19.22,19.38,6530770
2009-08-10,19.57,0.42,19.29,19.29,6530001
2009-08-11,19.38,0.421,19.34,19.69,8002700
2009-08-12,19.4,0.422,19.38,19.6,9434198
2009-08-13,19.82,0.423,19.82,20.2,9483053
2009-08-14,20.49,0.424,20.36,20.74,11725410
2009-08-17,20.58,0.425,20.15,20.25,6396868
2009-08-18,20,0.426,20,20.37,8867216
2009-08-19,20.5,0.427,19.66,19.8,9799139
2009-08-20,20.28,0.428,19.56,19.62,7120116
2009-08-21,19.52,0.429,18.73,19.03,14319874
2009-08-24,19.33,0.43,19.33,19.81,8600723
2009-08-25,19.6,0.431,19.6,19.8,6439371
2009-08-26,19.8,0.432,19.8,19.97,5955022
2009-08-27,20.1,0.433,19.97,20.32,9388405
2009-08-28,20.45,0.434,20.21,20.46,18667360
2009-08-31,20.62,0.435,20.62,21.29,15495560
2009-09-01,21.45,0.436,21.35,22,11889261
2009-09-02,21.5,0.437,21.18,21.18,21663305
2009-09-03,21.12,0.438,20.97,21.15,9196315
2009-09-04,21.51,0.439,21.17,21.17,8514310
2009-09-07,21.4,0.44,21.18,21.35,8387014
2009-09-08,21.4,0.441,21.38,21.95,8866812
2009-09-09,22.19,0.442,21.82,22.2,11406194
2009-09-10,22.2,0.443,21.9,22.31,8941510
2009-09-11,22.4,0.444,22.25,22.68,10531659
2009-09-14,22.51,0.445,21.76,22.01,9846647
2009-09-15,22.1,0.446,21.79,22.09,14138534
2009-09-16,22.28,0.447,22.27,22.83,13670226
2009-09-17,22.9,0.448,22.65,22.85,16561999
2009-09-18,22.8,0.449,22.62,23.18,17090269
2009-09-21,22.95,0.45,22.82,23.15,7703263
2009-09-22,23.03,0.451,23.01,23.33,7343840
2009-09-23,23.33,0.452,23.3,23.58,6123332
2009-09-24,23.25,0.453,23.19,23.49,8912411
2009-09-25,23.4,0.454,23.34,23.79,15266017
2009-09-28,23.94,0.455,23.72,24.33,8672987
2009-09-29,24.62,0.456,24.58,24.73,10582335
2009-09-30,24.53,0.457,24.3,24.39,12853683
2009-10-01,24.3,0.458,24.07,24.1,7052979
2009-10-02,23.5,0.459,23.29,23.61,8780686
2009-10-05,23.55,0.46,23.1,23.1,4841911
2009-10-06,23.33,0.461,23.07,23.3,6831451
2009-10-07,23.74,0.462,23.6,23.85,8023679
2009-10-08,24,0.463,23.87,24.74,9422658
2009-10-09,24.99,0.464,24.61,24.62,9553387
2009-10-12,24.85,0.465,24.21,24.21,4792916
2009-10-13,24.38,0.466,24.32,24.64,7219827
2009-10-14,24.6,0.467,24.5,24.8,6568234
2009-10-15,25.1,0.468,24.78,24.91,7092688
2009-10-16,24.76,0.469,24.47,24.56,6272924
2009-10-19,24.33,0.47,23.7,23.73,9552315
2009-10-20,23.9,0.471,23.79,23.79,13684305
2009-10-21,23.7,0.472,23.63,23.84,8559478
2009-10-22,23.62,0.473,23.53,23.53,7851165
2009-10-23,23.89,0.474,23.78,23.85,10275036
2009-10-26,23.69,0.475,23.47,23.8,6267228
2009-10-27,23.5,0.476,23.47,23.75,12848881
2009-10-28,23.89,0.477,22.93,23.35,10058831
2009-10-29,22.7,0.478,22.65,22.85,20224440
2009-10-30,23.5,0.479,22.71,23.06,23564673
2009-11-02,22.5,0.48,22.36,22.59,11506336
2009-11-03,22.83,0.481,22.39,22.58,6270291
2009-11-04,22.63,0.482,22.62,22.73,10626988
2009-11-05,22.27,0.483,21.99,22.07,19598579
2009-11-06,22.35,0.484,22.1,22.4,7137651
2009-11-09,22.58,0.485,22.51,22.66,9486679
2009-11-10,23.01,0.486,22.71,22.8,6652015
2009-11-11,22.97,0.487,22.75,22.95,8445262
2009-11-12,23.05,0.488,22.82,22.94,7306003
2009-11-13,22.75,0.489,22.39,22.48,8122133
2009-11-16,22.52,0.49,22.07,22.18,9473618
2009-11-17,22.22,0.491,21.77,21.89,11636802
2009-11-18,22,0.492,21.91,22.16,10627118
2009-11-19,22.26,0.493,22.1,22.25,7955296
2009-11-20,21.92,0.494,21.6,21.75,9076252
2009-11-23,21.69,0.495,21.5,21.9,5767995
2009-11-24,22,0.496,21.85,21.89,7977444
2009-11-25,22,0.497,21.72,22.2,11523113
2009-11-26,22.31,0.498,21.86,21.98,7071873
2009-11-27,21.52,0.499,21.1,21.19,11328708
2009-11-30,21.65,0.5,21.63,22.15,16194343
2009-12-01,22,0.501,21.75,21.97,7812771
2009-12-02,22.2,0.502,22.11,22.11,6205864
2009-12-03,22.1,0.503,22.03,22.2,5589570
2009-12-04,22.03,0.504,21.8,21.98,4292108
2009-12-07,22.25,0.505,21.82,21.95,5265734
2009-12-08,21.96,0.506,21.75,21.93,6358659
2009-12-09,21.6,0.507,21.41,21.51,8708496
2009-12-10,21.78,0.508,21.46,21.5,8313290
2009-12-11,21.66,0.509,21.3,21.3,6338911
2009-12-14,21.48,0.51,20.97,21.16,9212992
2009-12-15,21.27,0.511,21.21,21.43,7666565
2009-12-16,21.44,0.512,21.34,21.5,9181488
2009-12-17,21.75,0.513,21.25,21.58,20442331
2009-12-18,21.32,0.514,21.22,21.34,11768372
2009-12-21,21.37,0.515,20.95,20.95,5536430
2009-12-22,21.16,0.516,21.09,21.47,6602187
2009-12-23,21.48,0.517,21.33,21.71,4024081
2009-12-24,21.8,0.518,21.71,22.39,6370206
2009-12-25,22.39,0.519,22.39,22.39,0
2009-12-28,22.39,0.52,22.39,22.39,0
2009-12-29,22.62,0.521,22.55,22.7,5680928
2009-12-30,22.72,0.522,22.72,22.74,2740487
2009-12-31,22.82,0.523,22.72,22.88,1895633
2010-01-01,22.88,0.524,22.88,22.88,0
2010-01-04,22.79,0.525,22.74,22.89,3022688
2010-01-05,22.95,0.526,22.87,23,5570419
2010-01-06,22.85,0.527,22.55,22.66,3987469
2010-01-07,22.6,0.528,22.1,22.12,6711551
2010-01-08,22.3,0.529,22.17,22.25,2954063
2010-01-11,22.36,0.53,22.29,22.39,3592409
2010-01-12,22.42,0.531,22.17,22.26,4881500
2010-01-13,22.02,0.532,21.9,22.3,5998565
2010-01-14,22.42,0.533,22.27,22.4,4811952
2010-01-15,22.5,0.534,22.06,22.43,9662404
2010-01-18,22.67,0.535,22.5,23.17,15898861
2010-01-19,23.15,0.536,22.86,23.2,11852202
2010-01-20,23.48,0.537,23.14,23.27,7687122
2010-01-21,23,0.538,22.93,23.26,8271532
2010-01-22,22.51,0.539,22.47,22.65,9460160
2010-01-25,22.2,0.54,22.02,22.29,6239757
2010-01-26,22.29,0.541,22.29,22.29,0
2010-01-27,22.01,0.542,21.8,21.96,9162507
2010-01-28,22.11,0.543,21.87,22.15,10671821
2010-01-29,21.9,0.544,21.68,21.73,8856779
2010-02-01,21.7,0.545,21.64,21.8,8618835
2010-02-02,21.95,0.546,21.68,21.89,11582805
2010-02-03,22.04,0.547,21.35,21.77,8984678
2010-02-04,21.55,0.548,21.31,21.42,6185525
2010-02-05,20.75,0.549,20.57,20.9,7420818
2010-02-08,21,0.55,20.7,20.97,7092255
2010-02-09,20.81,0.551,20.39,20.57,7605185
2010-02-10,20.76,0.552,20.13,20.2,11478608
2010-02-11,20.3,0.553,20.22,20.75,7130082
2010-02-12,20.97,0.554,20.37,20.59,9393691
2010-02-15,20.5,0.555,20.37,20.5,3929862
2010-02-16,20.87,0.556,20.78,21.1,8405751
2010-02-17,21.61,0.557,21.55,22.07,11415492
2010-02-18,22.32,0.558,21.91,22.05,7953612
2010-02-19,22.1,0.559,21.8,21.96,5523203
2010-02-22,22.35,0.56,22.31,22.54,5850966
2010-02-23,22.45,0.561,22.41,22.73,8408160
2010-02-24,22.5,0.562,22.31,22.52,9086180
2010-02-25,22.75,0.563,22.07,22.25,8042020
2010-02-26,22.84,0.564,22.58,23.14,14569747
2010-03-01,23.29,0.565,23.26,23.59,7245062
2010-03-02,23.79,0.566,23.61,23.83,9716921
2010-03-03,23.85,0.567,23.75,23.88,7787559
2010-03-04,23.8,0.568,23.59,23.67,8669194
2010-03-05,23.7,0.569,23.57,23.83,6299051
2010-03-08,23.98,0.57,23.63,23.8,6424529
2010-03-09,23.75,0.571,23.66,23.82,7849124
2010-03-10,23.97,0.572,23.73,23.94,5738169
2010-03-11,24.02,0.573,23.91,24.06,6398181
2010-03-12,24.22,0.574,24.14,24.26,4821708
2010-03-15,24.29,0.575,23.99,24.02,5696461
2010-03-16,24.04,0.576,23.83,24.15,7140763
2010-03-17,24.38,0.577,24.28,24.61,10133150
2010-03-18,24.95,0.578,24.7,24.88,10632745
2010-03-19,24.93,0.579,24.82,25.11,6752544
2010-03-22,24.9,0.58,24.64,24.7,6944083
2010-03-23,24.95,0.581,24.91,25.45,11086779
2010-03-24,25.56,0.582,25.37,25.37,5057475
2010-03-25,25.12,0.583,25.1,25.35,5309623
2010-03-26,25.3,0.584,25.07,25.45,16455431
2010-03-29,25.5,0.585,25.3,25.43,5987353
2010-03-30,25.45,0.586,25.24,25.45,7060585
2010-03-31,25.31,0.587,25.31,25.36,9693985
2010-04-01,25.42,0.588,25.06,25.29,5599183
2010-04-02,25.29,0.589,25.29,25.29,0
2010-04-05,25.29,0.59,25.29,25.29,0
2010-04-06,25.29,0.591,25.18,25.45,4013158
2010-04-07,25.58,0.592,25.46,25.51,6383363
2010-04-08,25.38,0.593,25.18,25.18,5829173
2010-04-09,25.37,0.594,25.06,25.15,4080170
2010-04-12,25.3,0.595,25.24,25.36,5584006
2010-04-13,25.36,0.596,25.25,25.42,6249741
2010-04-14,25.59,0.597,25.57,25.91,6730633
2010-04-15,25.99,0.598,25.92,25.97,6742724
2010-04-16,25.92,0.599,25.57,25.69,9857128
2010-04-19,25.3,0.6,25.02,25.08,6677015
2010-04-20,25.25,0.601,25.11,25.13,7316750
2010-04-21,25.21,0.602,25.16,25.4,7572762
2010-04-22,25.28,0.603,25.07,25.25,8479823
2010-04-23,25.14,0.604,25.07,25.2,8154095
2010-04-26,25.2,0.605,25.2,25.2,0
2010-04-27,25.13,0.606,25.12,25.17,6788109
2010-04-28,24.75,0.607,24.58,24.85,10105798
2010-04-29,24.6,0.608,24.16,24.2,18254265
2010-04-30,24.32,0.609,24.05,24.2,17951695
2010-05-03,24.02,0.61,24.01,24.74,8892061
2010-05-04,24.95,0.611,24.61,24.66,7624967
2010-05-05,24.29,0.612,23.96,24.11,12453840
2010-05-06,23.32,0.613,22.33,22.45,27707807
2010-05-07,21.6,0.614,21.35,21.9,25670141
2010-05-10,22.5,0.615,22.32,22.78,10843672
2010-05-11,23.26,0.616,22.37,22.52,11510809
2010-05-12,22.84,0.617,22.53,22.74,9694899
2010-05-13,23.2,0.618,22.91,23.29,7761181
2010-05-14,22.92,0.619,22.73,22.81,6053345
2010-05-17,22.68,0.62,22.03,22.15,7955489
2010-05-18,22.2,0.621,21.64,21.73,16598204
2010-05-19,21.33,0.622,21.22,21.25,11030971
2010-05-20,21.3,0.623,20.63,20.63,12772425
2010-05-21,20.1,0.624,19.95,21,19892144
2010-05-24,21.42,0.625,21.22,21.9,15312156
2010-05-25,21.5,0.626,21.2,21.34,11855404
2010-05-26,21.95,0.627,21.42,21.87,12069911
2010-05-27,21.62,0.628,21.35,22.09,12362503
2010-05-28,22.45,0.629,22.33,22.52,12910763
2010-05-31,22.43,0.63,22.31,22.31,6341050
2010-06-01,22.31,0.631,21.98,22.3,6275368
2010-06-02,21.99,0.632,21.94,22.09,5971468
2010-06-03,22.5,0.633,22.41,22.75,6200856
2010-06-04,22.75,0.634,22.46,22.64,6975884
2010-06-07,22.03,0.635,21.69,22.02,8072520
2010-06-08,22,0.636,21.85,22.31,9505098
2010-06-09,22.39,0.637,22.04,22.26,6377944
2010-06-10,22.12,0.638,22.12,22.62,9779121
2010-06-11,22.85,0.639,22.82,23.04,10178911
2010-06-14,23.04,0.64,23.04,23.04,0
2010-06-15,23.17,0.641,23.01,23.01,6752118
2010-06-16,23.34,0.642,23.04,23.18,10786889
2010-06-17,23.12,0.643,22.86,22.95,9498024
2010-06-18,23.05,0.644,22.94,23.14,5019065
2010-06-21,23.4,0.645,23.37,23.59,6867898
2010-06-22,23.47,0.646,23.22,23.22,5902236
2010-06-23,23.08,0.647,22.81,22.88,7712627
2010-06-24,23.15,0.648,22.81,22.83,8151103
2010-06-25,22.6,0.649,22.32,22.47,10144978
2010-06-28,22.73,0.65,22.2,22.29,7058643
2010-06-29,22.15,0.651,21.85,21.87,9307674
2010-06-30,21.44,0.652,21.34,21.61,10557357
2010-07-01,21.3,0.653,21.01,21.08,7638424
2010-07-02,21.27,0.654,20.75,20.86,9307685
2010-07-05,20.9,0.655,20.61,20.89,6076954
2010-07-06,20.88,0.656,20.66,21.51,7582464
2010-07-07,21.59,0.657,21.08,21.23,10079149
2010-07-08,21.81,0.658,21.78,22.14,9848295
2010-07-09,22.35,0.659,22.05,22.39,6001445
2010-07-12,22.4,0.66,22.18,22.43,4438412
2010-07-13,22.45,0.661,22.18,22.25,6992415
2010-07-14,22.72,0.662,22.49,22.8,5969219
2010-07-15,22.8,0.663,22.4,22.6,4756695
2010-07-16,22.63,0.664,22.47,22.54,4299738
2010-07-19,22.15,0.665,22.02,22.02,4258630
2010-07-20,22.09,0.666,22.06,22.34,5042369
2010-07-21,22.45,0.667,22.38,22.49,5071094
2010-07-22,22.3,0.668,22.1,22.1,5316351
2010-07-23,22.44,0.669,22.33,22.41,10768493
2010-07-26,22.7,0.67,22.59,22.73,7780083
2010-07-27,22.93,0.671,22.88,22.93,9055340
2010-07-28,23.06,0.672,23,23.23,6010266
2010-07-29,23.07,0.673,22.95,23.19,7581597
2010-07-30,23.03,0.674,22.8,23.05,8943107
2010-08-02,23.14,0.675,23.1,23.32,4523688
2010-08-03,23.5,0.676,23.25,23.37,7762924
2010-08-04,23.37,0.677,23.03,23.14,7119678
2010-08-05,23.33,0.678,23.09,23.21,5739891
2010-08-06,23.12,0.679,22.89,23.05,3752838
2010-08-09,22.86,0.68,22.82,23.1,6536255
2010-08-10,23.14,0.681,22.54,22.63,8599160
2010-08-11,22.37,0.682,22.12,22.18,10612864
2010-08-12,21.93,0.683,21.81,22.1,10182821
2010-08-13,22.07,0.684,21.92,22.18,8053689
2010-08-16,21.93,0.685,21.78,22.16,7338478
2010-08-17,22.24,0.686,21.97,22.4,8162257
2010-08-18,22.69,0.687,22.34,22.54,9017446
2010-08-19,22.55,0.688,22.22,22.4,9158881
2010-08-20,22.32,0.689,22.26,22.78,12889170
2010-08-23,22.76,0.69,22.73,22.95,8278008
2010-08-24,22.89,0.691,22.56,22.64,9063262
2010-08-25,22.4,0.692,22.08,22.19,11157202
2010-08-26,22.35,0.693,22.11,22.47,10141366
2010-08-27,22.35,0.694,22.21,22.44,7008107
2010-08-30,22.75,0.695,22.69,22.95,8443786
2010-08-31,22.72,0.696,22.58,22.59,11279220
2010-09-01,22.7,0.697,22.7,23.14,10404780
2010-09-02,23.49,0.698,23.3,23.43,4420798
2010-09-03,23.49,0.699,23.14,23.29,8139832
2010-09-06,23.49,0.7,23.43,23.66,6993921
2010-09-07,23.72,0.701,23.6,23.76,7823412
2010-09-08,23.58,0.702,23.36,23.49,6094220
2010-09-09,23.7,0.703,23.49,23.76,6322955
2010-09-10,23.78,0.704,23.68,23.71,6895132
2010-09-13,23.94,0.705,23.9,24.01,7641849
2010-09-14,24.1,0.706,23.98,24.02,7127404
2010-09-15,24.02,0.707,24,24.16,10675878
2010-09-16,24.3,0.708,23.6,23.66,18062049
2010-09-17,23.89,0.709,23.71,23.83,7923591
2010-09-20,23.71,0.71,23.6,23.96,8860242
2010-09-21,24.12,0.711,23.74,23.8,7757695
2010-09-22,23.88,0.712,23.71,23.81,6607477
2010-09-23,23.7,0.713,23.63,23.87,6540480
2010-09-24,23.56,0.714,23.47,23.6,13495845
2010-09-27,23.99,0.715,23.95,24.2,9172197
2010-09-28,24.11,0.716,24.1,24.32,6860264
2010-09-29,24.47,0.717,24.01,24.14,7581091
2010-09-30,24.06,0.718,23.56,23.68,10238857
2010-10-01,23.79,0.719,23.26,23.51,6862079
2010-10-04,23.52,0.72,23.52,23.68,4536041
2010-10-05,23.52,0.721,23.34,23.57,7085270
2010-10-06,23.88,0.722,23.79,24.07,9149520
2010-10-07,24.04,0.723,23.88,24.14,6728211
2010-10-08,24.12,0.724,24.01,24.07,6378749
2010-10-11,24.21,0.725,24.03,24.16,5423116
2010-10-12,24.06,0.726,23.77,23.82,7827248
2010-10-13,24.05,0.727,23.63,23.63,10531200
2010-10-14,23.84,0.728,23.79,24,9410803
2010-10-15,23.76,0.729,23.63,23.81,7744505
2010-10-18,23.84,0.73,23.43,23.58,5949625
2010-10-19,23.89,0.731,23.63,23.73,12949494
2010-10-20,23.52,0.732,23.38,23.57,8877957
2010-10-21,23.78,0.733,23.26,23.26,13258384
2010-10-22,23.39,0.734,23.25,23.41,6221282
2010-10-25,23.53,0.735,23.29,23.9,9307445
2010-10-26,23.85,0.736,23.75,23.85,8235506
2010-10-27,23.91,0.737,23.91,24.04,9156577
2010-10-28,24.75,0.738,24.54,24.73,19471547
2010-10-29,24.94,0.739,24.77,24.81,20047347
2010-11-01,24.95,0.74,24.88,24.9,8035669
2010-11-02,24.9,0.741,24.77,25.03,7402858
2010-11-03,25.01,0.742,24.88,25.2,11873137
2010-11-04,24.7,0.743,24.22,24.34,24530989
2010-11-05,24.6,0.744,24.02,24.09,9327967
2010-11-08,24.27,0.745,23.97,24.07,6716196
2010-11-09,24,0.746,23.63,23.75,10170867
2010-11-10,23.8,0.747,23.5,23.7,7840739
2010-11-11,23.93,0.748,23.69,23.72,6902984
2010-11-12,23.57,0.749,23.14,23.22,12422591
2010-11-15,23.3,0.75,23.01,23.08,7809669
2010-11-16,23.68,0.751,23.02,23.22,13464945
2010-11-17,23.01,0.752,22.79,22.82,11436155
2010-11-18,22.75,0.753,22.58,22.58,9663373
2010-11-19,22.81,0.754,22.46,22.49,11608481
2010-11-22,22.69,0.755,22.42,22.48,7829991
2010-11-23,22.49,0.756,22.31,22.34,8038195
2010-11-24,22.26,0.757,22.05,22.28,10024488
2010-11-25,22.71,0.758,22.43,22.47,9692526
2010-11-26,22.56,0.759,22.5,22.52,12426644
2010-11-29,22.5,0.76,22.43,22.78,7129267
2010-11-30,22.72,0.761,22.53,22.66,7430941
2010-12-01,22.51,0.762,22.38,22.65,6247742
2010-12-02,22.86,0.763,22.86,23.42,10082261
2010-12-03,23.64,0.764,23.09,23.31,8086557
2010-12-06,23.35,0.765,23.11,23.27,5391962
2010-12-07,23.2,0.766,23.11,23.49,7455403
2010-12-08,23.49,0.767,23.02,23.15,8708029
2010-12-09,23.31,0.768,23.18,23.65,9962530
2010-12-10,23.75,0.769,23.67,23.83,7384530
2010-12-13,23.95,0.77,23.82,24.1,9105070
2010-12-14,24.03,0.771,23.76,23.95,4841689
2010-12-15,24,0.772,23.7,23.82,6887698
2010-12-16,23.6,0.773,23.55,23.76,8657110
2010-12-17,23.75,0.774,23.58,23.59,4700581
2010-12-20,23.54,0.775,23.23,23.28,7843889
2010-12-21,23.42,0.776,23.4,23.7,5651276
2010-12-22,23.73,0.777,23.58,23.63,4156804
2010-12-23,23.68,0.778,23.61,23.71,4583388
2010-12-24,23.72,0.779,23.45,23.72,7455399
2010-12-27,23.72,0.78,23.72,23.72,0
2010-12-28,23.72,0.781,23.72,23.72,0
2010-12-29,23.6,0.782,23.5,23.73,3213954
2010-12-30,23.7,0.783,23.64,23.68,2503910
2010-12-31,23.62,0.784,23.35,23.35,2824017
2011-01-03,23.35,0.785,23.35,23.35,0
2011-01-04,23.55,0.786,23.14,23.26,4429870
2011-01-05,23.22,0.787,23,23.18,5643118
2011-01-06,23.15,0.788,22.92,23.09,7477973
2011-01-07,22.96,0.789,22.79,22.92,4824262
2011-01-10,22.92,0.79,22.78,22.96,3933795
2011-01-11,22.83,0.791,22.8,22.83,5762719
2011-01-12,22.9,0.792,22.48,22.72,7360169
2011-01-13,22.93,0.793,22.88,22.96,7499309
2011-01-14,23.05,0.794,22.99,23.05,6593102
2011-01-17,23.15,0.795,22.59,22.71,7961451
2011-01-18,22.75,0.796,22.72,22.99,5201077
2011-01-19,23.04,0.797,22.85,23.24,6457265
2011-01-20,23.18,0.798,22.97,23.06,5067717
2011-01-21,23.3,0.799,23.2,23.33,9153404
2011-01-24,23.4,0.8,23.34,23.66,6731482
2011-01-25,23.75,0.801,23.58,23.61,5976058
2011-01-26,23.61,0.802,23.61,23.61,0
2011-01-27,23.71,0.803,23.47,23.58,6515775
2011-01-28,23.5,0.804,23.48,23.63,11076168
2011-01-31,23.36,0.805,23.32,23.67,10045648
2011-02-01,23.61,0.806,23.57,23.67,7035176
2011-02-02,23.92,0.807,23.7,23.75,6985206
2011-02-03,23.8,0.808,23.7,23.94,7313566
2011-02-04,24.08,0.809,23.96,24.19,7978590
2011-02-07,24.27,0.81,24.1,24.24,4881149
2011-02-08,24.38,0.811,24.38,24.42,5743075
2011-02-09,24.85,0.812,24.81,24.92,14796701
2011-02-10,25.03,0.813,24.88,25.1,7961529
2011-02-11,25.01,0.814,24.91,24.91,5320194
2011-02-14,25.02,0.815,24.99,25.65,11642700
2011-02-15,25.65,0.816,25.37,25.48,8891576
2011-02-16,25.35,0.817,25.33,25.71,6974653
2011-02-17,25.84,0.818,25.49,25.65,6350733
2011-02-18,25.1,0.819,24.78,24.89,12598339
2011-02-21,24.8,0.82,24.56,24.65,11476933
2011-02-22,24.55,0.821,24.23,24.36,11322008
2011-02-23,24.3,0.822,24.18,24.21,11683010
2011-02-24,24.25,0.823,24.04,24.08,6725009
2011-02-25,24.05,0.824,24.02,24.23,9663924
2011-02-28,24.3,0.825,24.04,24.13,3778518
2011-03-01,24.3,0.826,24.01,24.02,6372244
2011-03-02,23.86,0.827,23.67,23.86,8025096
2011-03-03,23.75,0.828,23.58,23.6,13365194
2011-03-04,23.73,0.829,23.67,23.74,11837099
2011-03-07,23.65,0.83,23.46,23.49,4671060
2011-03-08,23.42,0.831,23.35,23.77,6296612
2011-03-09,23.93,0.832,23.65,23.77,8879191
2011-03-10,23.8,0.833,23.34,23.6,9109834
2011-03-11,23.3,0.834,23,23.17,9716445
2011-03-14,23,0.835,22.65,22.96,8978938
2011-03-15,22.96,0.836,22.15,22.63,9998429
2011-03-16,22.46,0.837,22.4,22.62,11207305
2011-03-17,22.45,0.838,22.2,22.45,14957629
2011-03-18,22.66,0.839,22.25,22.7,13459873
2011-03-21,22.85,0.84,22.6,23.04,9081049
2011-03-22,23.3,0.841,23.01,23.04,9031027
2011-03-23,23.23,0.842,23,23.08,6449805
2011-03-24,23.2,0.843,23.09,23.29,6851481
2011-03-25,23.47,0.844,23.25,23.37,13979994
2011-03-28,23.25,0.845,23.25,23.44,4067906
2011-03-29,23.43,0.846,23.34,23.51,8290819
2011-03-30,23.65,0.847,23.58,23.88,9839139
2011-03-31,23.92,0.848,23.65,23.81,8151996
2011-04-01,23.92,0.849,23.8,23.87,5116257
2011-04-04,24,0.85,23.75,23.86,4496270
2011-04-05,23.94,0.851,23.81,23.94,5189113
2011-04-06,23.95,0.852,23.83,23.93,6941165
2011-04-07,24.03,0.853,23.97,24.1,6839834
2011-04-08,24.16,0.854,24.01,24.15,6374254
2011-04-11,24.15,0.855,24.06,24.29,12003599
2011-04-12,24.25,0.856,24.04,24.11,7465608
2011-04-13,24.05,0.857,24.04,24.32,7005008
2011-04-14,24.3,0.858,23.95,24.01,8578596
2011-04-15,24.03,0.859,23.61,23.61,8706635
2011-04-18,23.75,0.86,23.57,23.73,6733054
2011-04-19,23.54,0.861,23.39,23.4,7225074
2011-04-20,23.59,0.862,23.57,23.84,6256307
2011-04-21,24.2,0.863,23.98,24.11,5671705
2011-04-22,24.11,0.864,24.11,24.11,0
2011-04-25,24.11,0.865,24.11,24.11,0
2011-04-26,24.11,0.866,24.11,24.11,0
2011-04-27,24.3,0.867,23.94,24.06,5548389
2011-04-28,24.24,0.868,24.12,24.32,8942207
2011-04-29,24.35,0.869,24.01,24.23,11219981
2011-05-02,24.28,0.87,23.92,24.3,6892413
2011-05-03,23.91,0.871,23.8,23.8,14001076
2011-05-04,23.75,0.872,23.29,23.45,9570817
2011-05-05,23.36,0.873,23.16,23.59,6787025
2011-05-06,23.48,0.874,23.24,23.24,15499597
2011-05-09,23.58,0.875,23.36,23.39,9204941
2011-05-10,23.48,0.876,23.07,23.07,10062179
2011-05-11,23.37,0.877,23.14,23.17,10999089
2011-05-12,22.37,0.878,22.24,22.38,13393107
2011-05-13,22.43,0.879,22.19,22.46,7677698
2011-05-16,22.19,0.88,22.18,22.32,5645129
2011-05-17,22.35,0.881,22.24,22.49,5253981
2011-05-18,22.47,0.882,22.42,22.69,8724944
2011-05-19,22.88,0.883,22.71,22.98,9394029
2011-05-20,22.86,0.884,22.7,22.79,9234834
2011-05-23,22.51,0.885,22.02,22.02,15356018
2011-05-24,21.85,0.886,21.7,21.8,14086225
2011-05-25,21.7,0.887,21.38,21.7,16115674
2011-05-26,22,0.888,21.72,22.07,20632373
2011-05-27,21.95,0.889,21.76,21.99,13707952
2011-05-30,22.05,0.89,21.76,21.97,12855600
2011-05-31,22.05,0.891,22.03,22.13,11126050
2011-06-01,22.07,0.892,21.81,22,10480122
2011-06-02,21.61,0.893,21.35,21.44,11436398
2011-06-03,21.44,0.894,21.29,21.37,8629078
2011-06-06,21.32,0.895,21.14,21.25,8283034
2011-06-07,21.12,0.896,21.06,21.33,8422073
2011-06-08,21.3,0.897,21.07,21.34,9447743
2011-06-09,21.3,0.898,21.16,21.5,11052918
2011-06-10,21.65,0.899,21.42,21.53,7761835
2011-06-13,21.53,0.9,21.53,21.53,0
2011-06-14,21.48,0.901,21.28,21.83,7523265
2011-06-15,21.85,0.902,21.58,21.82,6970132
2011-06-16,21.6,0.903,21.24,21.35,15439196
2011-06-17,21.55,0.904,21.13,21.34,6247751
2011-06-20,21.45,0.905,21.24,21.24,7975430
2011-06-21,21.51,0.906,21.38,21.55,7534451
2011-06-22,21.75,0.907,21.66,21.72,8404191
2011-06-23,21.68,0.908,21.37,21.45,9969605
2011-06-24,21.45,0.909,21.36,21.47,13547088
2011-06-27,21.2,0.91,21.16,21.24,7216047
2011-06-28,21.47,0.911,21.22,21.4,7754838
2011-06-29,21.52,0.912,21.45,21.6,6909627
2011-06-30,21.7,0.913,21.63,22,10285350
2011-07-01,21.98,0.914,21.83,21.95,6710904
2011-07-04,22.13,0.915,21.9,21.94,9105467
2011-07-05,22.08,0.916,21.91,21.93,8620919
2011-07-06,21.95,0.917,21.68,21.85,7306265
2011-07-07,21.72,0.918,21.64,21.77,7369002
2011-07-08,21.88,0.919,21.77,21.9,5486590
2011-07-11,21.66,0.92,21.51,21.56,5564868
2011-07-12,21.35,0.921,21.05,21.08,8172986
2011-07-13,21.15,0.922,21.05,21.16,6488709
2011-07-14,21.05,0.923,20.82,20.98,7803915
2011-07-15,20.83,0.924,20.66,20.78,7798114
2011-07-18,20.83,0.925,20.58,20.75,5777404
2011-07-19,20.6,0.926,20.45,20.77,6694134
2011-07-20,21.05,0.927,21.03,21.2,6931815
2011-07-21,21.29,0.928,21.245,21.26,5861248
2011-07-22,21.65,0.929,21.62,21.73,9105852
2011-07-25,21.59,0.93,21.18,21.31,8037869
2011-07-26,21.43,0.931,21.37,21.55,9038500
2011-07-27,21.42,0.932,21.17,21.28,10119246
2011-07-28,20.99,0.933,20.9,20.99,7608389
2011-07-29,21.01,0.934,20.8,20.83,16092152
2011-08-01,21.07,0.935,21.05,21.29,5706748
2011-08-02,21.01,0.936,20.68,20.82,10401211
2011-08-03,20.45,0.937,20.21,20.29,9980123
2011-08-04,20.31,0.938,19.73,19.81,14370446
2011-08-05,18.98,0.939,18.62,19.1,22751444
2011-08-08,18.78,0.94,18.45,18.5,17040445
2011-08-09,17.93,0.941,17.63,19.01,23219682
2011-08-10,19.77,0.942,19.67,19.8,17182001
2011-08-11,19.28,0.943,19.25,20.09,18268116
2011-08-12,20.25,0.944,19.7,19.92,13821184
2011-08-15,20.22,0.945,20.1,20.65,10254221
2011-08-16,20.64,0.946,20.23,20.35,13756265
2011-08-17,20.35,0.947,20.21,20.58,11306756
2011-08-18,20.47,0.948,20.2,20.42,9814932
2011-08-19,19.3,0.949,19.27,19.5,20169038
2011-08-22,19.41,0.95,19.08,19.3,13733322
2011-08-23,19.4,0.951,19.31,19.82,12245370
2011-08-24,20.15,0.952,19.61,19.69,7277938
2011-08-25,19.89,0.953,19.79,19.88,8825937
2011-08-26,19.77,0.954,19.7,19.85,11680882
2011-08-29,20.1,0.955,20.03,20.21,8298704
2011-08-30,20.43,0.956,20.13,20.18,9619788
2011-08-31,20.07,0.957,19.91,20.29,11228026
2011-09-01,20.15,0.958,20.15,20.27,8063479
2011-09-02,20.16,0.959,19.81,19.92,7945567
2011-09-05,19.61,0.96,19.32,19.41,11191494
2011-09-06,19,0.961,18.99,19.26,12696919
2011-09-07,19.6,0.962,19.55,20.03,10664270
2011-09-08,20.23,0.963,19.82,19.92,11915930
2011-09-09,19.97,0.964,19.9,19.94,7195301
2011-09-12,19.46,0.965,19.09,19.21,9289819
2011-09-13,19.31,0.966,19.23,19.32,8883440
2011-09-14,19.4,0.967,18.93,19.02,11518019
2011-09-15,19.58,0.968,19.04,19.41,12719497
2011-09-16,19.7,0.969,19.65,19.8,7769871
2011-09-19,19.69,0.97,19.26,19.41,6488437
2011-09-20,19.48,0.971,19.21,19.32,9951134
2011-09-21,19.5,0.972,19.07,19.39,9276608
2011-09-22,18.91,0.973,18.8,18.98,8842326
2011-09-23,18.8,0.974,18.65,18.75,10375636
2011-09-26,19.03,0.975,18.75,18.78,11292504
2011-09-27,19.3,0.976,19.26,19.79,10307153
2011-09-28,19.8,0.977,19.6,19.74,12351688
2011-09-29,19.5,0.978,19.44,19.58,7999885
2011-09-30,19.65,0.979,19.25,19.52,14146474
2011-10-03,19.1,0.98,18.87,18.94,5723363
2011-10-04,18.8,0.981,18.68,18.98,10276104
2011-10-05,19.47,0.982,19,19.17,8944095
2011-10-06,19.5,0.983,19.42,20.04,12290612
2011-10-07,20.32,0.984,20.28,20.71,12955591
2011-10-10,20.69,0.985,20.61,21,7800069
2011-10-11,21.3,0.986,20.94,21.2,9758371
2011-10-12,21,0.987,20.85,21.08,6752618
2011-10-13,21.16,0.988,20.82,21.1,8784974
2011-10-14,20.95,0.989,20.91,20.99,6492949
2011-10-17,21.2,0.99,21.19,21.36,7337202
2011-10-18,21.03,0.991,21.01,21.07,9845180
2011-10-19,21.26,0.992,21.17,21.3,9591270
2011-10-20,21.35,0.993,20.95,21.12,7286145
2011-10-21,21.13,0.994,21.12,21.21,8856605
2011-10-24,21.41,0.995,21.38,21.71,7815606
2011-10-25,21.77,0.996,21.38,21.55,8662637
2011-10-26,21.33,0.997,21.22,21.59,7314506
2011-10-27,21.58,0.998,21.56,22,6805974
