Date,Open,,Low,Close,Volume
2008-01-01,27.46,1.1,27.46,27.46,0.01
2008-01-02,27.35,1.1998334166,27.34,27.57,1447513
2008-01-03,27.36,1.2986693308,27.08,27.33,3042581
2008-01-04,27.4,1.3955202067,27.19,27.41,2567857
2008-01-07,27,1.4894183423,26.69,26.69,4416122
2008-01-08,26.75,1.5794255386,26.6,26.75,4380262
2008-01-09,26.54,1.6646424734,26.11,26.35,6452342
2008-01-10,26.44,1.7442176872,26.11,26.11,6263272
2008-01-11,26.3,1.8173560909,25.71,25.72,7464135
2008-01-14,25.31,1.8833269096,25.11,25.68,8364990
2008-01-15,26,1.9414709848,25.66,26.09,9269669
2008-01-16,25.57,1.9912073601,25.31,25.94,8898598
2008-01-17,26.11,2.032039086,25.75,26.2,11128630
2008-01-18,25.59,2.0635581854,25.5,26.93,7932953
2008-01-21,26.65,2.08544973,26.1,26.2,8836731
2008-01-22,25.36,2.0974949866,24.35,24.35,14266170
2008-01-23,25.69,2.099573603,24.9,25.22,14706940
2008-01-24,25.9,2.0916648105,25.67,26.02,8396795
2008-01-25,26.25,2.0738476309,26.23,27.49,9586347
2008-01-28,27.49,2.0463000877,27.49,27.49,0
2008-01-29,27.5,2.0092974268,26.31,26.45,7457012
2008-01-30,26.94,1.9632093666,25.85,25.99,6567215
2008-01-31,25.5,1.9084964038,25.14,26.01,8637879
2008-02-01,26.38,1.8457052122,26.15,26.89,7175158
2008-02-04,27.25,1.7754631806,26.3,26.7,7354632
2008-02-05,26.93,1.6984721441,26.36,26.4,5004652
2008-02-06,25.68,1.6155013718,25.29,25.44,6212978
2008-02-07,25.39,1.5273798802,24.44,25,8216784
2008-02-08,25.38,1.4349881502,25.2,25.6,4479468
2008-02-11,25.5,1.3392493292,24.56,24.8,4822789
2008-02-12,25.05,1.2411200081,24.46,25.3,6818056
2008-02-13,25.18,1.1415806624,23.6,23.8,12789090
2008-02-14,24.01,1.0416258566,23.63,24.44,14188570
2008-02-15,23.9,0.9422543059,23.56,23.91,6800048
2008-02-18,22.82,0.844458898,22.41,22.46,12512080
2008-02-19,22.65,0.7492167723,22.53,22.6,10153990
2008-02-20,22.9,0.6574795567,21.9,22,9422466
2008-02-21,22.25,0.5701638591,20.83,22,17642060
2008-02-22,21.65,0.4881421091,21.35,22.36,9018543
2008-02-25,22.71,0.4122338408,22.3,22.6,8289539
2008-02-26,22.66,0.3431975047,22.4,22.87,9157164
2008-02-27,23,0.2817228889,22.99,23.55,8532197
2008-02-28,23.18,0.2284242276,22.52,22.7,6931671
2008-02-29,22.38,0.1838340633,21.63,22,10021170
2008-03-03,21.2,0.1483979261,20.93,20.93,7931076
2008-03-04,20.97,0.1224698823,20.56,21.44,11277240
2008-03-05,21.56,0.1063089964,20.49,21.31,11636930
2008-03-06,21.76,0.1000767424,20.97,21.19,10537940
2008-03-07,20.28,0.1038353912,19.91,20.26,11685020
2008-03-10,19.76,0.1175473874,19.38,19.99,11974980
2008-03-11,19.53,0.1410757253,19.39,20.85,12067060
2008-03-12,22.35,0.1741853177,21.75,22.05,11252990
2008-03-13,22,0.2165453443,21.2,21.47,13402560
2008-03-14,22,0.2677325578,21.09,21.6,8417921
2008-03-17,20.6,0.3272355124,20.03,20.54,13417940
2008-03-18,20.75,0.3944596744,20.57,21,11795280
2008-03-19,22.26,0.4687333621,21.98,22.69,14602980
2008-03-20,22.6,0.5493144574,22.2,22.98,26036570
2008-03-21,22.98,0.6353978206,22.98,22.98,0
2008-03-24,22.98,0.7261233352,22.98,22.98,0
2008-03-25,23.98,0.8205845018,23.76,24.33,11288520
2008-03-26,24.34,0.9178374957,23.58,24.12,5891533
2008-03-27,23.66,1.0169105972,23.66,23.85,10074300
2008-03-28,23.36,1.1168139005,22.61,23.18,17646370
2008-03-31,22.8,1.2165492049,22.48,22.55,9076011
2008-04-01,22.8,1.3151199881,22.06,22.41,7592251
2008-04-02,23.45,1.4115413635,23.16,23.54,10397260
2008-04-03,23.65,1.5048499206,23.1,24.14,8648189
2008-04-04,24.25,1.5941133511,23.56,23.56,7528598
2008-04-07,22.3,1.6784397644,22.01,22.01,15787690
2008-04-08,21.99,1.7569865987,21.55,21.67,12652250
2008-04-09,21.61,1.8289690401,20.96,20.96,12023780
2008-04-10,20.69,1.8936678638,20.29,20.57,12517030
2008-04-11,20.5,1.9504366206,20.41,20.94,7478886
2008-04-14,20.3,1.9987080958,20.25,20.45,5685942
2008-04-15,20.16,2.0379999768,19.95,20.4,12115760
2008-04-16,20.8,2.067919672,20.36,20.71,8861644
2008-04-17,21.35,2.0881682339,20.72,20.72,9796093
2008-04-18,20.65,2.0985433454,20.05,20.05,7310478
2008-04-21,20.5,2.0989413418,20.4,21.5,9384809
2008-04-22,21.2,2.0893582466,20.85,21.14,8214107
2008-04-23,21.09,2.0698898108,21.09,22.03,18470440
2008-04-24,21.65,2.0407305567,21.5,21.51,15086780
2008-04-25,21.51,2.0021718338,21.51,21.51,0
2008-04-28,22.03,1.9545989081,21.91,22.2,11167020
2008-04-29,22.41,1.8984871126,21.87,22.06,8707891
2008-04-30,21.9,1.8343970979,21.65,21.9,6547897
2008-05-01,21.77,1.7629692301,21.6,21.67,4861558
2008-05-02,22.25,1.6849171929,22.23,22.86,7665961
2008-05-05,23.01,1.6010208565,22.96,23.25,10526120
2008-05-06,23.1,1.5121184852,22.72,22.9,6671695
2008-05-07,23.17,1.4190983623,22.3,22.3,10526980
2008-05-08,21.39,1.3228899141,21.12,22.17,9130911
2008-05-09,22.36,1.2244544235,22.2,23,15004100
2008-05-12,23.5,1.1247754255,23.33,23.7,11435090
2008-05-13,24.15,1.0248488795,23.05,23.13,12427060
2008-05-14,23,0.9256732188,22.6,22.72,9388146
2008-05-15,22.87,0.8282393736,22.31,22.31,8400275
2008-05-16,22.55,0.7335208707,22.31,22.95,11143560
2008-05-19,23.15,0.6424641062,22.63,22.68,7953660
2008-05-20,22.51,0.5559788891,22.1,22.1,8567921
2008-05-21,21.8,0.4749293511,21.55,21.59,6790879
2008-05-22,21.25,0.4001253124,21.12,21.49,11265240
2008-05-23,21.6,0.3323141902,20.98,21,10814110
2008-05-26,20.8,0.2721735309,20.75,21.15,8773373
2008-05-27,20.92,0.22030424,20.92,21.33,6834802
2008-05-28,21.5,0.1772245784,21.09,21.42,9055977
2008-05-29,21.65,0.1433649837,21.26,21.35,7573741
2008-05-30,21.28,0.1190637699,21.11,21.68,13864320
2008-06-02,21.5,0.1045637467,20.81,20.9,9408276
2008-06-03,20.56,0.1000097934,20.22,20.38,12453020
2008-06-04,20.46,0.1054474118,20.34,20.47,9048508
2008-06-05,20.5,0.1208222708,20.44,20.75,7928898
2008-06-06,21.2,0.1459807501,20.48,20.74,6898542
2008-06-09,20.74,0.1806714743,20.74,20.74,0
2008-06-10,20.21,0.2245478253,19.98,20.08,10892880
2008-06-11,20.41,0.277171405,20.13,20.4,9895391
2008-06-12,19.99,0.3380164161,19.57,19.57,10675840
2008-06-13,19.99,0.4064749152,18.85,19.65,18093410
2008-06-16,19.71,0.4818628878,19.22,19.4,8370855
2008-06-17,19.53,0.563427082,18.98,19.75,13879280
2008-06-18,19.5,0.6503525355,19.27,19.51,13123590
2008-06-19,18.99,0.7417707178,18.68,18.68,16403710
2008-06-20,18.8,0.8367682086,18.3,18.78,11969950
2008-06-23,18.45,0.9343958246,18.25,18.6,10499750
2008-06-24,18.4,1.0336781026,17.91,17.95,16162670
2008-06-25,18.16,1.1336230472,18.03,18.62,13043320
2008-06-26,19.02,1.2332320414,18.95,19,13302080
2008-06-27,18.11,1.3315098251,18,18.95,20676750
2008-06-30,19.1,1.4274744391,18.65,18.72,12857920
2008-07-01,18.78,1.5201670368,17.7,17.77,11136000
2008-07-02,17.9,1.6086614644,17.5,18.3,17228120
2008-07-03,18,1.6920735147,17.91,18.71,12517220
2008-07-04,18.95,1.7695697622,18.66,19.52,12393470
2008-07-07,19.42,1.84037589,18.83,19.2,9274959
2008-07-08,19.15,1.9037844266,18.59,18.6,7778017
2008-07-09,19.14,1.9591618149,18.65,18.8,12675280
2008-07-10,18.22,2.0059547423,18.07,18.37,12816420
2008-07-11,18.16,2.0436956694,17.91,17.95,9900119
2008-07-14,17.9,2.0720075014,17.52,17.8,10763970
2008-07-15,17.55,2.0906073557,17.1,17.12,9761461
2008-07-16,16.95,2.0993093887,16.89,18.09,15620330
2008-07-17,18.8,2.0980266527,18.3,18.39,11532400
2008-07-18,18.45,2.0867719643,18.1,18.21,7583131
2008-07-21,18.6,2.0656577765,18.55,18.8,8317427
2008-07-22,18.52,2.0348950555,18.06,18.07,10676140
2008-07-23,18.5,1.9947911721,18.36,18.9,19234270
2008-07-24,18.73,1.9457468311,18.72,19.45,20017200
2008-07-25,18.18,1.8882520674,17.6,17.75,20886890
2008-07-28,16.22,1.8228813495,15.4,15.81,37087340
2008-07-29,15.51,1.7502878402,15.46,15.53,26829310
2008-07-30,16.1,1.6711968697,15.9,16.1,15809310
2008-07-31,16.48,1.5863986889,16.08,16.25,21616680
2008-08-01,16.1,1.4967405731,15.99,16.17,8900129
2008-08-04,16.25,1.4031183567,16.16,16.45,5718260
2008-08-05,16.45,1.3064674819,16.2,17.01,13209210
2008-08-06,17.62,1.2077536523,17.52,17.99,15801020
2008-08-07,17.85,1.1079631838,17.57,17.99,13307370
2008-08-08,17.5,1.0080931498,17.32,17.35,11731700
2008-08-11,17.71,0.9091414186,17.53,17.78,7167732
2008-08-12,17.88,0.8120966833,17.35,17.47,11432960
2008-08-13,17.17,0.7179285828,16.88,16.99,13565290
2008-08-14,16.95,0.6275780136,16.56,16.72,15904670
2008-08-15,16.97,0.5419477287,16.7,16.9,7070507
2008-08-18,16.67,0.4618933177,16.61,16.77,7288518
2008-08-19,16.5,0.3882146576,16.15,16.15,11401020
2008-08-20,16,0.3216479215,15.88,16.03,12269150
2008-08-21,16.03,0.262858222,15.49,15.59,13520970
2008-08-22,15.41,0.2124329664,15.32,15.67,18906520
2008-08-25,15.98,0.1708759873,15.91,15.91,14437860
2008-08-26,15.6,0.1386025081,15.44,16.12,17386280
2008-08-27,16.14,0.1159349949,15.8,16.08,12002970
2008-08-28,16.11,0.103099934,15.93,16.2,12427890
2008-08-29,16.48,0.1002255689,16.4,16.61,16557330
2008-09-01,16.45,0.1073406195,16.38,16.65,6951428
2008-09-02,16.75,0.1243739945,16.73,16.97,10288740
2008-09-03,17.19,0.1511555021,16.75,16.8,17609830
2008-09-04,16.88,0.1874175502,16.66,16.92,15658270
2008-09-05,16.36,0.2327978205,16.2,16.26,11136090
2008-09-08,16.89,0.2868428883,16.8,17.6,26073800
2008-09-09,17.75,0.3490127532,17.11,17.41,13221280
2008-09-10,16.83,0.4186862344,16.65,17.61,11409180
2008-09-11,17.4,0.4951671776,16.8,16.85,10636440
2008-09-12,17.05,0.5776914104,16.77,17.25,9487467
2008-09-15,16.8,0.6654343779,16.33,16.87,14518730
2008-09-16,16.3,0.7575193815,15.82,16.36,35149830
2008-09-17,16.69,0.8530263383,16,16,18706340
2008-09-18,15.21,0.9510009742,15.07,15.45,22308020
2008-09-19,16.35,1.0504643591,16.25,17.71,24562170
2008-09-22,19.49,1.1504226878,18.41,19.15,19595130
2008-09-23,18.35,1.2498772097,17.9,18.04,8636174
2008-09-24,18.29,1.347834208,18,18.64,12149410
2008-09-25,18.41,1.4433149288,18.34,18.52,11234020
2008-09-26,18.85,1.5353653604,18.25,19,11423550
2008-09-29,19,1.6230657652,18.63,18.79,7181269
2008-09-30,17.3,1.7055398697,17.3,18.75,14543300
2008-10-01,19,1.7819636201,18.7,19.3,11087200
2008-10-02,19.45,1.8515734154,18.57,18.98,9624173
2008-10-03,18.41,1.9136737375,18.22,18.71,5988825
2008-10-06,18.5,1.9676441006,17.83,18.05,3730907
2008-10-07,17.5,2.0129452507,17.5,18.15,8160367
2008-10-08,17.4,2.0491245536,16.9,17,9624813
2008-10-09,17,2.0758205178,16.58,16.65,7843917
2008-10-10,16.03,2.0927664058,15.3,15.3,12562290
2008-10-13,16.5,2.0997929001,16.17,17.3,14892570
2008-10-14,18.7,2.0968297943,18.08,18.25,17508960
2008-10-15,18.32,2.0839066946,17.95,18.2,8963085
2008-10-16,17.6,2.0611527245,17.19,17.33,8381060
2008-10-17,17.75,2.0287952341,16.77,16.85,7357939
2008-10-20,17.18,1.9871575287,16.9,17.73,7681756
2008-10-21,18.2,1.9366556385,17.73,18.85,12935810
2008-10-22,18.37,1.8777941618,18.37,19,11255720
2008-10-23,18.2,1.8111612229,17.91,18.01,10962760
2008-10-24,18.5,1.7374225962,17.12,17.55,11146520
2008-10-27,17.55,1.6573150535,16.82,17,7004030
2008-10-28,16.7,1.5716390031,16.15,16.93,7705771
2008-10-29,17.65,1.4812504917,17,17.24,10790040
2008-10-30,17.34,1.3870526513,17.02,17.56,9122506
2008-10-31,17.39,1.2899866758,16.97,17.36,10770100
2008-11-03,17.55,1.1910224162,17.55,18.5,9400896
2008-11-04,18.4,1.0911486907,18.2,18.8,8456702
2008-11-05,19.21,0.9913634046,18.97,19,15036130
2008-11-06,17.5,0.8926635794,16.95,16.95,15938600
2008-11-07,16.42,0.7960353912,15.98,16.29,15909510
2008-11-10,16.3,0.7024443169,15.7,15.9,15991650
2008-11-11,15.62,0.6128254875,15.5,15.68,8352164
2008-11-12,15.56,0.5280743449,15.4,15.4,8168897
2008-11-13,15.25,0.4490376943,14.05,14.05,15757840
2008-11-14,14.67,0.376505244,13.78,13.78,13415130
2008-11-17,13.88,0.311201714,13.04,13.24,11733090
2008-11-18,13,0.2537795958,12.65,13.04,17274540
2008-11-19,13.35,0.2048126322,12.86,13.82,17358540
2008-11-20,13.2,0.1647900848,13,13,17613450
2008-11-21,12.5,0.1341118458,12.3,13.36,17679210
2008-11-24,13.32,0.1130844419,12.73,12.9,13009430
2008-11-25,13.66,0.101917972,13.51,14.55,21989140
2008-11-26,14.3,0.1007240079,13.96,14.05,11840910
2008-11-27,14.5,0.1095144791,13.81,14,11433390
2008-11-28,13.87,0.1282015543,13.63,14.8,17370430
2008-12-01,14.8,0.1565985182,14.25,14.38,9503774
2008-12-02,13.86,0.194421638,13.76,13.95,10477620
2008-12-03,14.25,0.2412929974,13.85,14.16,11180530
2008-12-04,14.5,0.2967442733,14.21,14.42,10502330
2008-12-05,13.91,0.3602214149,13.91,14.6,11017420
2008-12-08,14.75,0.4310901796,14.68,14.93,11394250
2008-12-09,14.7,0.5086424701,14.05,14.1,15021410
2008-12-10,14.13,0.5921034096,13.9,14.15,12457760
2008-12-11,14.25,0.6806390839,14.04,14.42,11340840
2008-12-12,14.15,0.7733648739,14.15,14.56,6291556
2008-12-15,14.83,0.8693542941,14.7,15,6911798
2008-12-16,14.85,0.9676482499,14.31,14.36,11332290
2008-12-17,14.1,1.0672646207,13.48,13.7,19565290
2008-12-18,14,1.1672080725,13.81,14.27,24971470
2008-12-19,14.15,1.2664800035,14.02,14.64,20217940
2008-12-22,14.6,1.3640885214,14.6,14.86,4407987
2008-12-23,14.81,1.459058354,14.5,14.87,4262336
2008-12-24,14.84,1.5504405943,14.55,14.87,2704435
2008-12-25,14.87,1.637322181,14.87,14.87,0
2008-12-26,14.87,1.7188350221,14.87,14.87,0
2008-12-29,14.98,1.7941646683,14.72,15.3,4110896
2008-12-30,15.29,1.8625584505,15.13,15.25,2750793
2008-12-31,15.3,1.9233330007,15.2,15.29,2950865
2009-01-01,15.29,1.9758810798,15.29,15.29,0
2009-01-02,15.29,2.0196776447,15,15.18,2413777
2009-01-05,15.4,2.0542850945,14.88,15.07,2923797
2009-01-06,15.3,2.0793576431,15.1,15.4,3134140
2009-01-07,15.45,2.0946447739,15.26,15.35,4504416
2009-01-08,15.25,2.0999937429,15,15.22,3242619
2009-01-09,15.25,2.0953511049,15,15.2,2930626
2009-01-12,15.13,2.0807632477,14.98,15.08,2638986
2009-01-13,14.97,2.0563759284,14.66,14.85,4614420
2009-01-14,15.01,2.0224328169,14.92,15.33,6863370
2009-01-15,15,1.9792730617,14.43,14.57,7439727
2009-01-16,14.86,1.9273279006,14.15,14.3,5843052
2009-01-19,14.3,1.8671163526,14.3,14.43,4963481
2009-01-20,14.1,1.7992400317,13.64,13.7,9493933
2009-01-21,13.5,1.7243771354,13.06,13.17,10647390
2009-01-22,13.69,1.6432756692,13,13,10041500
2009-01-23,12.95,1.5567459721,11.97,12.06,15288090
2009-01-26,12.06,1.4656526203,12.06,12.06,0
2009-01-27,12.47,1.3709057883,12.21,12.4,9928981
2009-01-28,12.5,1.2734521552,12.27,13.21,9747653
2009-01-29,13.55,1.1742654456,13.1,13.27,5468700
2009-01-30,13.05,1.0743367001,12.84,13.27,9663837
2009-02-02,13.12,0.9746643739,13.01,13.26,4284334
2009-02-03,13.7,0.8762443598,13.6,13.7,12710660
2009-02-04,13.79,0.7800600381,13.24,13.28,5970936
2009-02-05,13.14,0.6870724508,12.34,12.34,11605980
2009-02-06,12.58,0.598210699,12.27,12.3,8338504
2009-02-09,12.61,0.51436266,12.44,12.46,5874373
2009-02-10,12.38,0.4363661158,12.08,12.45,6465274
2009-02-11,12.09,0.365000382,12.02,12.02,9133171
2009-02-12,12.2,0.3009785213,11.83,11.89,12105510
2009-02-13,12.3,0.2449402192,12.25,12.96,11677550
2009-02-16,12.73,0.1974453918,12.66,12.98,5083922
2009-02-17,12.86,0.1589685917,12.4,12.42,6992927
2009-02-18,12.15,0.1298942663,12.1,12.4,6073257
2009-02-19,12.4,0.1105129167,12.33,12.6,5689777
2009-02-20,12.45,0.1010181951,12.29,12.45,6202536
2009-02-23,12.26,0.1015049693,12.06,12.46,6912567
2009-02-24,12.2,0.1119683759,12.19,12.63,5215452
2009-02-25,12.86,0.1323038679,12.38,12.5,6081849
2009-02-26,12.48,0.1623082597,12.36,13.05,17901920
2009-02-27,13,0.2016817574,12.88,13.31,16994800
2009-03-02,13.11,0.2500309541,12.82,13.1,9732638
2009-03-03,12.71,0.3068727605,12.58,12.96,7020633
2009-03-04,12.64,0.3716392322,12.45,12.45,6708112
2009-03-05,12.71,0.4436832438,12.37,12.65,5680177
2009-03-06,12.33,0.5222849556,12.31,12.36,5230658
2009-03-09,12.48,0.606659005,12.38,12.53,3940905
2009-03-10,12.5,0.6959623547,12.43,12.74,5003824
2009-03-11,13,0.7893027149,12.94,13.15,7778028
2009-03-12,13.2,0.8857474597,12.83,12.86,5536859
2009-03-13,13.18,0.9843329451,13.1,13.49,8678527
2009-03-16,13.54,1.0840741374,13.4,14.05,14390810
2009-03-17,14.05,1.1839744557,13.92,14.43,6808813
2009-03-18,14.7,1.283035729,14.44,14.8,11171420
2009-03-19,14.95,1.3802681698,14.58,14.76,20440220
2009-03-20,14.6,1.4747002636,14.18,14.55,8946929
2009-03-23,14.4,1.5653884764,14.28,15.25,6774372
2009-03-24,15.79,1.6514266812,15.27,15.5,10891680
2009-03-25,15.5,1.731955213,15.4,16.2,8692397
2009-03-26,16.29,1.8061694572,16.1,16.8,12916140
2009-03-27,16.99,1.8733278896,16.38,16.55,16467210
2009-03-30,16.3,1.9327594853,15.71,15.85,8047323
2009-03-31,15.54,1.9838704235,15.53,15.75,9759749
2009-04-01,15.77,2.0261500207,15.63,15.88,5307388
2009-04-02,16.2,2.059175833,16.05,16.34,4594011
2009-04-03,16.9,2.0826178774,16.8,17.4,17097600
2009-04-06,17.39,2.0962419288,17.17,17.2,5383344
2009-04-07,17.01,2.0999118601,16.77,17,6271174
2009-04-08,16.6,2.0935910027,16.15,16.3,6736399
2009-04-09,16.35,2.0773425124,16.17,16.62,4507496
2009-04-10,16.62,2.0513287388,16.62,16.62,0
2009-04-13,16.62,2.0158096029,16.62,16.62,0
2009-04-14,17.41,1.9711400002,17.16,17.32,6778446
2009-04-15,17.06,1.9177662545,16.96,16.99,4806103
2009-04-16,17.05,1.8562216588,16.69,16.81,7968255
2009-04-17,17,1.7871211462,16.7,16.7,8103205
2009-04-20,16.81,1.7111551463,16.6,17.05,6025224
2009-04-21,16.53,1.6290826861,16.32,16.37,6495696
2009-04-22,16.59,1.5417238067,16.22,16.35,4666540
2009-04-23,16.4,1.449951369,16.31,17.03,7618208
2009-04-24,17.2,1.3546823328,16.77,16.91,13700590
2009-04-27,16.85,1.256868595,16.38,16.85,5340681
2009-04-28,16.88,1.1574874781,16.52,16.63,5150748
2009-04-29,15.8,1.0575319653,15.4,15.4,18692240
2009-04-30,15.75,0.958000779,15.67,15.9,9752739
2009-05-01,15.8,0.859888402,15.74,16,4131349
2009-05-04,16.1,0.7641751408,16.05,16.62,6620502
2009-05-05,16.95,0.6718173305,16.55,16.55,7102496
2009-05-06,16.68,0.5837377799,16.5,16.64,5146868
2009-05-07,16.58,0.5008165508,16.44,16.63,18398700
2009-05-08,16.53,0.4238821646,16.32,16.49,12138700
2009-05-11,16.5,0.3537033244,16.14,16.22,6315189
2009-05-12,16.1,0.2909812338,15.9,15.97,6616636
2009-05-13,15.92,0.2363425913,15.69,15.71,6036567
2009-05-14,15.58,0.1903333282,15.28,15.37,6095785
2009-05-15,15.6,0.1534131537,15.2,15.27,6035644
2009-05-18,15.1,0.1259509621,14.98,15.3,4920449
2009-05-19,15.59,0.1082211466,15.43,15.57,6187728
2009-05-20,15.7,0.1004008574,15.39,15.55,6287194
2009-05-21,15.35,0.1025682325,15.3,15.63,9040246
2009-05-22,15.37,0.1147016162,15.33,15.41,5754812
2009-05-25,15.18,0.1366797755,15.09,15.2,9353233
2009-05-26,15.18,0.1682831121,15.01,15.57,146004
2009-05-27,15.57,0.2091958559,15.57,15.57,183172
2009-05-28,15.07,0.2590092202,14.9,15.38,63584792
2009-05-29,15.67,0.3172254864,15.53,15.9,32734650
2009-06-01,16,0.3832629768,15.67,16.19,17310996
2009-06-02,16.23,0.4564618666,15.91,15.98,18347057
2009-06-03,15.72,0.5360907767,15.68,16.36,21870178
2009-06-04,16.28,0.6213540814,16.13,16.84,26113978
2009-06-05,16.74,0.7113998579,16.17,16.3,13665748
2009-06-08,16.3,0.8053283985,16.3,16.3,0
2009-06-09,16.52,0.9022012004,16.23,16.41,13847362
2009-06-10,16.56,1.0010503424,16.53,16.82,15237943
2009-06-11,16.8,1.1008881568,16.63,16.88,12091612
2009-06-12,16.9,1.200717097,16.88,17.3,18045869
2009-06-15,17.16,1.2995397052,17.1,17.3,20724042
2009-06-16,17.06,1.3963685787,16.7,16.8,13424046
2009-06-17,16.75,1.4902362353,16.3,16.45,12332252
2009-06-18,16.64,1.5802047804,16.24,16.35,15701717
2009-06-19,16.43,1.6653752781,16.41,16.55,10843418
2009-06-22,16.57,1.7448967329,16.47,16.58,8971024
2009-06-23,16.19,1.8179745928,15.99,16.03,9551095
2009-06-24,16.15,1.8838786878,15.95,16,12798338
2009-06-25,15.95,1.9419505261,15.95,16.05,10917648
2009-06-26,16.15,1.991609873,16.13,16.4,17035489
2009-06-29,16.4,2.0323605489,16.1,16.21,9918894
2009-06-30,16.41,2.0637953863,16.34,16.49,10890949
2009-07-01,16.48,2.0856002988,16.15,16.25,7484038
2009-07-02,16.45,2.0975574189,16.13,16.13,7405093
2009-07-03,15.95,2.099547275,15.9,16.15,5937621
2009-07-06,16.02,2.0915499852,15.94,15.98,5548145
2009-07-07,16.02,2.0736454557,15.88,15.9,5294171
2009-07-08,15.9,2.0460125826,15.82,16.3,13586248
2009-07-09,16.17,2.0089274645,15.77,15.85,11810536
2009-07-10,15.71,1.9627606437,15.68,16.03,10201629
2009-07-13,16.01,1.9079734037,15.69,15.75,10151238
2009-07-14,16.01,1.8451131605,15.97,16.38,13124969
2009-07-15,16.38,1.7748079929,16.25,16.5,9912704
2009-07-16,16.69,1.6977603669,16.53,16.65,8907484
2009-07-17,16.74,1.6147401169,16.68,16.76,7532117
2009-07-20,16.79,1.5265767538,16.58,16.87,8985008
2009-07-21,16.85,1.4341511768,16.7,16.77,5027994
2009-07-22,16.6,1.3383868717,16.6,16.9,11643100
2009-07-23,16.9,1.2402406838,16.62,16.77,10470904
2009-07-24,17,1.1406932573,16.81,16.95,8966895
2009-07-27,17.03,1.0407392373,17,17.08,11764989
2009-07-28,17.09,0.9413773312,17.06,17.13,9837546
2009-07-29,17.1,0.8436003304,17.08,17.12,9138454
2009-07-30,17.32,0.7483851903,17.2,17.74,11510714
2009-07-31,18.31,0.6566832691,18.04,18.53,32406280
2009-08-03,18.75,0.5694108222,18.72,19,11619609
2009-08-04,19.39,0.487439847,19.12,19.57,24732336
2009-08-05,19.7,0.4115893704,19.1,19.23,13815624
2009-08-06,19.22,0.3426172652,19.15,19.47,9600738
2009-08-07,19.48,0.2812126779,19.22,19.38,6530770
2009-08-10,19.57,0.2279891429,19.29,19.29,6530001
2009-08-11,19.38,0.1834784521,19.34,19.69,8002700
2009-08-12,19.4,0.1481253417,19.38,19.6,9434198
2009-08-13,19.82,0.1222830482,19.82,20.2,9483053
2009-08-14,20.49,0.1062097793,20.36,20.74,11725410
2009-08-17,20.58,0.1000661337,20.15,20.25,6396868
2009-08-18,20,0.1039134969,20,20.37,8867216
2009-08-19,20.5,0.1177134271,19.66,19.8,9799139
2009-08-20,20.28,0.14132804,19.56,19.62,7120116
2009-08-21,19.52,0.1745213863,18.73,19.03,14319874
2009-08-24,19.33,0.216961809,19.33,19.81,8600723
2009-08-25,19.6,0.2682252574,19.6,19.8,6439371
2009-08-26,19.8,0.327799524,19.8,19.97,5955022
2009-08-27,20.1,0.3950893626,19.97,20.32,9388405
2009-08-28,20.45,0.4694224352,20.21,20.46,18667360
2009-08-31,20.62,0.5500560304,20.62,21.29,15495560
2009-09-01,21.45,0.636184484,21.35,22,11889261
2009-09-02,21.5,0.7269472289,21.18,21.18,21663305
2009-09-03,21.12,0.8214373938,20.97,21.15,9196315
2009-09-04,21.51,0.9187108641,21.17,21.17,8514310
2009-09-07,21.4,1.0177957156,21.18,21.35,8387014
2009-09-08,21.4,1.1177019251,21.38,21.95,8866812
2009-09-09,22.19,1.2174312628,21.82,22.2,11406194
2009-09-10,22.2,1.3159872662,21.9,22.31,8941510
2009-09-11,22.4,1.4123851962,22.25,22.68,10531659
2009-09-14,22.51,1.5056618766,21.76,22.01,9846647
2009-09-15,22.1,1.5948853176,21.79,22.09,14138534
2009-09-16,22.28,1.679164028,22.27,22.83,13670226
2009-09-17,22.9,1.757655923,22.65,22.85,16561999
2009-09-18,22.8,1.8295767374,22.62,23.18,17090269
2009-09-21,22.95,1.8942078622,22.82,23.15,7703263
2009-09-22,23.03,1.9509035245,23.01,23.33,7343840
2009-09-23,23.33,1.9990972401,23.3,23.58,6123332
2009-09-24,23.25,2.0383074733,23.19,23.49,8912411
2009-09-25,23.4,2.0681424484,23.34,23.79,15266017
2009-09-28,23.94,2.0883040642,23.72,24.33,8672987
2009-09-29,24.62,2.0985908724,24.58,24.73,10582335
2009-09-30,24.53,2.0989000907,24.3,24.39,12853683
2009-10-01,24.3,2.0892286296,24.07,24.1,7052979
2009-10-02,23.5,2.0696731229,23.29,23.61,8780686
2009-10-05,23.55,2.0404289629,23.1,23.1,4841911
2009-10-06,23.33,2.0017883476,23.07,23.3,6831451
2009-10-07,23.74,1.9541373613,23.6,23.85,8023679
2009-10-08,24,1.8979521167,23.87,24.74,9422658
2009-10-09,24.99,1.8337939984,24.61,24.62,9553387
2009-10-12,24.85,1.762304053,24.21,24.21,4792916
2009-10-13,24.38,1.6841965844,24.32,24.64,7219827
2009-10-14,24.6,1.6002520167,24.5,24.8,6568234
2009-10-15,25.1,1.5113090962,24.78,24.91,7092688
2009-10-16,24.76,1.4182565111,24.47,24.56,6272924
2009-10-19,24.33,1.3220240122,23.7,23.73,9552315
2009-10-20,23.9,1.2235731227,23.79,23.79,13684305
2009-10-21,23.7,1.1238875315,23.63,23.84,8559478
2009-10-22,23.62,1.0239632639,23.53,23.53,7851165
2009-10-23,23.89,0.9247987303,23.78,23.85,10275036
2009-10-26,23.69,0.8273847499,23.47,23.8,6267228
2009-10-27,23.5,0.7326946509,23.47,23.75,12848881
2009-10-28,23.89,0.6416745455,22.93,23.35,10058831
2009-10-29,22.7,0.5552338766,22.65,22.85,20224440
2009-10-30,23.5,0.4742363307,22.71,23.06,23564673
2009-11-02,22.5,0.3994912085,22.36,22.59,11506336
2009-11-03,22.83,0.3317453387,22.39,22.58,6270291
2009-11-04,22.63,0.2716756154,22.62,22.73,10626988
2009-11-05,22.27,0.2198822356,21.99,22.07,19598579
2009-11-06,22.35,0.1768827016,22.1,22.4,7137651
2009-11-09,22.58,0.1431066505,22.51,22.66,9486679
2009-11-10,23.01,0.1188915614,22.71,22.8,6652015
2009-11-11,22.97,0.1044793835,22.75,22.95,8445262
2009-11-12,23.05,0.1000141186,22.82,22.94,7306003
2009-11-13,22.75,0.105540382,22.39,22.48,8122133
2009-11-16,22.52,0.1210029572,22.07,22.18,9473618
2009-11-17,22.22,0.1462473472,21.77,21.89,11636802
2009-11-18,22,0.1810213185,21.91,22.16,10627118
2009-11-19,22.26,0.224977421,22.1,22.25,7955296
2009-11-20,21.92,0.2776764599,21.6,21.75,9076252
2009-11-23,21.69,0.3385918837,21.5,21.9,5767995
2009-11-24,22,0.4071150458,21.85,21.89,7977444
2009-11-25,22,0.4825612852,21.72,22.2,11523113
2009-11-26,22.31,0.5641767683,21.86,21.98,7071873
2009-11-27,21.52,0.6511460199,21.1,21.19,11328708
2009-11-30,21.65,0.7426000721,21.63,22.15,16194343
2009-12-01,22,0.8376251463,21.75,21.97,7812771
2009-12-02,22.2,0.9352717833,22.11,22.11,6205864
2009-12-03,22.1,1.0345643301,22.03,22.2,5589570
2009-12-04,22.03,1.1345106886,21.8,21.98,4292108
2009-12-07,22.25,1.2341122276,21.82,21.95,5265734
2009-12-08,21.96,1.3323737617,21.75,21.93,6358659
2009-12-09,21.6,1.4283134939,21.41,21.51,8708496
2009-12-10,21.78,1.5209728261,21.46,21.5,8313290
2009-12-11,21.66,1.6094259371,21.3,21.3,6338911
2009-12-14,21.48,1.6927890325,20.97,21.16,9212992
2009-12-15,21.27,1.7702291758,21.21,21.43,7666565
2009-12-16,21.44,1.8409726108,21.34,21.5,9181488
2009-12-17,21.75,1.9043124924,21.25,21.58,20442331
2009-12-18,21.32,1.9596159494,21.22,21.34,11768372
2009-12-21,21.37,2.006330408,20.95,20.95,5536430
2009-12-22,21.16,2.0439891127,21.09,21.47,6602187
2009-12-23,21.48,2.0722157903,21.33,21.71,4024081
2009-12-24,21.8,2.0907284091,21.71,22.39,6370206
2009-12-25,22.39,2.0993419971,22.39,22.39,0
2009-12-28,22.39,2.0979704902,22.39,22.39,0
2009-12-29,22.62,2.086627592,22.55,22.7,5680928
2009-12-30,22.72,2.0654266371,22.72,22.74,2740487
2009-12-31,22.82,2.0345794584,22.72,22.88,1895633
2010-01-01,22.88,1.9943942706,22.88,22.88,0
2010-01-04,22.79,1.945272591,22.74,22.89,3022688
2010-01-05,22.95,1.887705227,22.87,23,5570419
2010-01-06,22.85,1.8222673728,22.55,22.66,3987469
2010-01-07,22.6,1.7496128617,22.1,22.12,6711551
2010-01-08,22.3,1.6704676336,22.17,22.25,2954063
2010-01-11,22.36,1.5856224816,22.29,22.39,3592409
2010-01-12,22.42,1.4959251502,22.17,22.26,4881500
2010-01-13,22.02,1.4022718656,21.9,22.3,5998565
2010-01-14,22.42,1.3055983804,22.27,22.4,4811952
2010-01-15,22.5,1.2068706242,22.06,22.43,9662404
2010-01-18,22.67,1.107075052,22.5,23.17,15898861
2010-01-19,23.15,1.0072087882,22.86,23.2,11852202
2010-01-20,23.48,0.9082696636,23.14,23.27,7687122
2010-01-21,23,0.8112462451,22.93,23.26,8271532
2010-01-22,22.51,0.7171079587,22.47,22.65,9460160
2010-01-25,22.2,0.626795403,22.02,22.29,6239757
2010-01-26,22.29,0.5412109511,22.29,22.29,0
2010-01-27,22.01,0.4612097348,21.8,21.96,9162507
2010-01-28,22.11,0.3875910996,21.87,22.15,10671821
2010-01-29,21.9,0.3210906187,21.68,21.73,8856779
2010-02-01,21.7,0.2623727429,21.64,21.8,8618835
2010-02-02,21.95,0.2120241617,21.68,21.89,11582805
2010-02-03,22.04,0.1705479415,21.35,21.77,8984678
2010-02-04,21.55,0.1383584991,21.31,21.42,6185525
2010-02-05,20.75,0.1157774607,20.57,20.9,7420818
2010-02-08,21,0.1030304486,20.7,20.97,7092255
2010-02-09,20.81,0.1002448266,20.39,20.57,7605185
2010-02-10,20.76,0.1074484279,20.13,20.2,11478608
2010-02-11,20.3,0.1245692764,20.22,20.75,7130082
2010-02-12,20.97,0.1514363063,20.37,20.59,9393691
2010-02-15,20.5,0.187781071,20.37,20.5,3929862
2010-02-16,20.87,0.2332404257,20.78,21.1,8405751
2010-02-17,21.61,0.2873601556,21.55,22.07,11415492
2010-02-18,22.32,0.3495995142,21.91,22.05,7953612
2010-02-19,22.1,0.4193366264,21.8,21.96,5523203
2010-02-22,22.35,0.495874702,22.31,22.54,5850966
2010-02-23,22.45,0.5784489979,22.41,22.73,8408160
2010-02-24,22.5,0.666234459,22.31,22.52,9086180
2010-02-25,22.75,0.758353962,22.07,22.25,8042020
2010-02-26,22.84,0.8538870793,22.58,23.14,14569747
2010-03-01,23.29,0.9518792756,23.26,23.59,7245062
2010-03-02,23.79,1.0513514451,23.61,23.83,9716921
2010-03-03,23.85,1.151309695,23.75,23.88,7787559
2010-03-04,23.8,1.2507552753,23.59,23.67,8669194
2010-03-05,23.7,1.3486945587,23.57,23.83,6299051
2010-03-08,23.98,1.4441489684,23.63,23.8,6424529
2010-03-09,23.75,1.5361647552,23.66,23.82,7849124
2010-03-10,23.97,1.6238225281,23.73,23.94,5738169
2010-03-11,24.02,1.7062464394,23.91,24.06,6398181
2010-03-12,24.22,1.7826129366,24.14,24.26,4821708
2010-03-15,24.29,1.8521589911,23.99,24.02,5696461
2010-03-16,24.04,1.9141897215,23.83,24.15,7140763
2010-03-17,24.38,1.9680853374,24.28,24.61,10133150
2010-03-18,24.95,2.0133073315,24.7,24.88,10632745
2010-03-19,24.93,2.0494038607,24.82,25.11,6752544
2010-03-22,24.9,2.0760142603,24.64,24.7,6944083
2010-03-23,24.95,2.0928726481,24.91,25.45,11086779
2010-03-24,25.56,2.0998105806,25.37,25.37,5057475
2010-03-25,25.12,2.0967587362,25.1,25.35,5309623
2010-03-26,25.3,2.083747608,25.07,25.45,16455431
2010-03-29,25.5,2.0609071989,25.3,25.43,5987353
2010-03-30,25.45,2.0284657228,25.24,25.45,7060585
2010-03-31,25.31,1.986747324,25.31,25.36,9693985
2010-04-01,25.42,1.9361688391,25.06,25.29,5599183
2010-04-02,25.29,1.8772356315,25.29,25.29,0
2010-04-05,25.29,1.8105365425,25.29,25.29,0
2010-04-06,25.29,1.7367380071,25.18,25.45,4013158
2010-04-07,25.58,1.6565773961,25.46,25.51,6383363
2010-04-08,25.38,1.5708556477,25.18,25.18,5829173
2010-04-09,25.37,1.4804292654,25.06,25.15,4080170
2010-04-12,25.3,1.3862017596,25.24,25.36,5584006
2010-04-13,25.36,1.2891146204,25.25,25.42,6249741
2010-04-14,25.59,1.1901379104,25.57,25.91,6730633
2010-04-15,25.99,1.0902605722,25.92,25.97,6742724
2010-04-16,25.92,0.9904805471,25.57,25.69,9857128
2010-04-19,25.3,0.8917948043,25.02,25.08,6677015
2010-04-20,25.25,0.7951893789,25.11,25.13,7316750
2010-04-21,25.21,0.7016295205,25.16,25.4,7572762
2010-04-22,25.28,0.6120500482,25.07,25.25,8479823
2010-04-23,25.14,0.5273460106,25.07,25.2,8154095
2010-04-26,25.2,0.4483637423,25.2,25.2,0
2010-04-27,25.13,0.3758924081,25.12,25.17,6788109
2010-04-28,24.75,0.3106561176,24.58,24.85,10105798
2010-04-29,24.6,0.2533066903,24.16,24.2,18254265
2010-04-30,24.32,0.2044171426,24.05,24.2,17951695
2010-05-03,24.02,0.1644759629,24.01,24.74,8892061
2010-05-04,24.95,0.13388223,24.61,24.66,7624967
2010-05-05,24.29,0.1129416265,23.96,24.11,12453840
2010-05-06,23.32,0.1018633841,22.33,22.45,27707807
2010-05-07,21.6,0.1007581927,21.35,21.9,25670141
2010-05-10,22.5,0.1096370952,22.32,22.78,10843672
2010-05-11,23.26,0.1284113765,22.37,22.52,11510809
2010-05-12,22.84,0.1568934501,22.53,22.74,9694899
2010-05-13,23.2,0.1947987326,22.91,23.29,7761181
2010-05-14,22.92,0.241748487,22.73,22.81,6053345
2010-05-17,22.68,0.2972736068,22.03,22.15,7955489
2010-05-18,22.2,0.3608193034,21.64,21.73,16598204
2010-05-19,21.33,0.4317506491,21.22,21.25,11030971
2010-05-20,21.3,0.5093589215,20.63,20.63,12772425
2010-05-21,20.1,0.5928686842,19.95,21,19892144
2010-05-24,21.42,0.6814455355,21.22,21.9,15312156
2010-05-25,21.5,0.7742044446,21.2,21.34,11855404
2010-05-26,21.95,0.8702185952,21.42,21.87,12069911
2010-05-27,21.62,0.9685286456,21.35,22.09,12362503
2010-05-28,22.45,1.0681523144,22.33,22.52,12910763
2010-05-31,22.43,1.1680941947,22.31,22.31,6341050
2010-06-01,22.31,1.2673557003,21.98,22.3,6275368
2010-06-02,21.99,1.3649450431,21.94,22.09,5971468
2010-06-03,22.5,1.4598871426,22.41,22.75,6200856
2010-06-04,22.75,1.5512333687,22.46,22.64,6975884
2010-06-07,22.03,1.6380710202,21.69,22.02,8072520
2010-06-08,22,1.7195324439,21.85,22.31,9505098
2010-06-09,22.39,1.7948037042,22.04,22.26,6377944
2010-06-10,22.12,1.8631327155,22.12,22.62,9779121
2010-06-11,22.85,1.923836757,22.82,23.04,10178911
2010-06-14,23.04,1.976309294,23.04,23.04,0
2010-06-15,23.17,2.0200260382,23.01,23.01,6752118
2010-06-16,23.34,2.0545501863,23.04,23.18,10786889
2010-06-17,23.12,2.0795367845,22.86,22.95,9498024
2010-06-18,23.05,2.094736175,22.94,23.14,5019065
2010-06-21,23.4,2.0999964903,23.37,23.59,6867898
2010-06-22,23.47,2.0952651714,23.22,23.22,5902236
2010-06-23,23.08,2.0805894918,22.81,22.88,7712627
2010-06-24,23.15,2.0561160861,22.81,22.83,8151103
2010-06-25,22.6,2.0220894846,22.32,22.47,10144978
2010-06-28,22.73,1.9788496697,22.2,22.29,7058643
2010-06-29,22.15,1.9268286795,21.85,21.87,9307674
2010-06-30,21.44,1.8665462904,21.34,21.61,10557357
2010-07-01,21.3,1.7986048241,21.01,21.08,7638424
2010-07-02,21.27,1.7236831294,20.75,20.86,9307685
2010-07-05,20.9,1.642529799,20.61,20.89,6076954
2010-07-06,20.88,1.5559556902,20.66,21.51,7582464
2010-07-07,21.59,1.4648258229,21.08,21.23,10079149
2010-07-08,21.81,1.3700507365,21.78,22.14,9848295
2010-07-09,22.35,1.2725773924,22.05,22.39,6001445
2010-07-12,22.4,1.1733797121,22.18,22.43,4438412
2010-07-13,22.45,1.073448846,22.18,22.25,6992415
2010-07-14,22.72,0.9737832702,22.49,22.8,5969219
2010-07-15,22.8,0.8753788102,22.4,22.6,4756695
2010-07-16,22.63,0.779218691,22.47,22.54,4299738
2010-07-19,22.15,0.6862637125,22.02,22.02,4258630
2010-07-20,22.09,0.5974426502,22.06,22.34,5042369
2010-07-21,22.45,0.5136429749,22.38,22.49,5071094
2010-07-22,22.3,0.4357019851,22.1,22.1,5316351
2010-07-23,22.44,0.3643984416,22.33,22.41,10768493
2010-07-26,22.7,0.3004447856,22.59,22.73,7780083
2010-07-27,22.93,0.244480021,22.88,22.93,9055340
2010-07-28,23.06,0.1970633293,23,23.23,6010266
2010-07-29,23.07,0.1586684823,22.95,23.19,7581597
2010-07-30,23.03,0.1296791087,22.8,23.05,8943107
2010-08-02,23.14,0.1103848606,23.1,23.32,4523688
2010-08-03,23.5,0.10097852,23.25,23.37,7762924
2010-08-04,23.37,0.1015540717,23.03,23.14,7119678
2010-08-05,23.33,0.1121057651,23.09,23.21,5739891
2010-08-06,23.12,0.1325281711,22.89,23.05,3752838
2010-08-09,22.86,0.1626172358,22.82,23.1,6536255
2010-08-10,23.14,0.2020723193,22.54,22.63,8599160
2010-08-11,22.37,0.2504991993,22.12,22.18,10612864
2010-08-12,21.93,0.3074140106,21.81,22.1,10182821
2010-08-13,22.07,0.372248079,21.92,22.18,8053689
2010-08-16,21.93,0.4443536041,21.78,22.16,7338478
2010-08-17,22.24,0.5230101312,21.97,22.4,8162257
2010-08-18,22.69,0.6074317504,22.34,22.54,9017446
2010-08-19,22.55,0.6967749487,22.22,22.4,9158881
2010-08-20,22.32,0.7901470384,22.26,22.78,12889170
2010-08-23,22.76,0.8866150765,22.73,22.95,8278008
2010-08-24,22.89,0.9852151862,22.56,22.64,9063262
2010-08-25,22.4,1.0849621878,22.08,22.19,11157202
2010-08-26,22.35,1.1848594423,22.11,22.47,10141366
2010-08-27,22.35,1.2839088093,22.21,22.44,7008107
2010-08-30,22.75,1.3811206203,22.69,22.95,8443786
2010-08-31,22.72,1.4755235669,22.58,22.59,11279220
2010-09-01,22.7,1.5661744062,22.7,23.14,10404780
2010-09-02,23.49,1.6521673849,23.3,23.43,4420798
2010-09-03,23.49,1.7326432896,23.14,23.29,8139832
2010-09-06,23.49,1.8067980317,23.43,23.66,6993921
2010-09-07,23.72,1.8738906816,23.6,23.76,7823412
2010-09-08,23.58,1.9332508715,23.36,23.49,6094220
2010-09-09,23.7,1.9842854942,23.49,23.76,6322955
2010-09-10,23.78,2.0264846285,23.68,23.71,6895132
2010-09-13,23.94,2.0594266346,23.9,24.01,7641849
2010-09-14,24.1,2.082782367,23.98,24.02,7127404
2010-09-15,24.02,2.0963184628,24,24.16,10675878
2010-09-16,24.3,2.0998996739,23.6,23.66,18062049
2010-09-17,23.89,2.093490218,23.71,23.83,7923591
2010-09-20,23.71,2.0771541362,23.6,23.96,8860242
2010-09-21,24.12,2.0510546533,23.74,23.8,7757695
2010-09-22,23.88,2.0154525466,23.71,23.81,6607477
2010-09-23,23.7,1.9707035407,23.63,23.87,6540480
2010-09-24,23.56,1.9172547529,23.47,23.6,13495845
2010-09-27,23.99,1.8556402257,23.95,24.2,9172197
2010-09-28,24.11,1.7864755912,24.1,24.32,6860264
2010-09-29,24.47,1.7104519195,24.01,24.14,7581091
2010-09-30,24.06,1.628328814,23.56,23.68,10238857
2010-10-01,23.79,1.5409268216,23.26,23.51,6862079
2010-10-04,23.52,1.4491192342,23.52,23.68,4536041
2010-10-05,23.52,1.3538233628,23.34,23.57,7085270
2010-10-06,23.88,1.2559913722,23.79,24.07,9149520
2010-10-07,24.04,1.1566007674,23.88,24.14,6728211
2010-10-08,24.12,1.0566446265,24.01,24.07,6378749
2010-10-11,24.21,0.9571216781,24.03,24.16,5423116
2010-10-12,24.06,0.8590263227,23.77,23.82,7827248
2010-10-13,24.05,0.7633386966,23.63,23.63,10531200
2010-10-14,23.84,0.671014879,23.79,24,9410803
2010-10-15,23.76,0.5829773389,23.63,23.81,7744505
2010-10-18,23.84,0.5001057183,23.43,23.58,5949625
2010-10-19,23.89,0.4232280431,23.63,23.73,12949494
2010-10-20,23.52,0.3531124496,23.38,23.57,8877957
2010-10-21,23.78,0.2904595096,23.26,23.26,13258384
2010-10-22,23.39,0.2358952305,23.25,23.41,6221282
2010-10-25,23.53,0.1899648007,23.29,23.9,9307445
2010-10-26,23.85,0.1531271418,23.75,23.85,8235506
2010-10-27,23.91,0.1257503235,23.91,24.04,9156577
2010-10-28,24.75,0.1081078859,24.54,24.73,19471547
2010-10-29,24.94,0.1003761064,24.77,24.81,20047347
2010-11-01,24.95,0.1026322385,24.88,24.9,8035669
2010-11-02,24.9,0.1148537395,24.77,25.03,7402858
2010-11-03,25.01,0.1369184964,24.88,25.2,11873137
2010-11-04,24.7,0.1686060452,24.22,24.34,24530989
2010-11-05,24.6,0.2095997746,24.02,24.09,9327967
2010-11-08,24.27,0.2594900887,23.97,24.07,6716196
2010-11-09,24,0.3177785,23.63,23.75,10170867
2010-11-10,23.8,0.38388261,23.5,23.7,7840739
2010-11-11,23.93,0.4571419282,23.69,23.72,6902984
2010-11-12,23.57,0.5368244717,23.14,23.22,12422591
2010-11-15,23.3,0.622134079,23.01,23.08,7809669
2010-11-16,23.68,0.7122183646,23.02,23.22,13464945
2010-11-17,23.01,0.8061772361,22.79,22.82,11436155
2010-11-18,22.75,0.9030718876,22.58,22.58,9663373
2010-11-19,22.81,1.0019341796,22.46,22.49,11608481
2010-11-22,22.69,1.1017763129,22.42,22.48,7829991
2010-11-23,22.49,1.2016006979,22.31,22.34,8038195
2010-11-24,22.26,1.3004099223,22.05,22.28,10024488
2010-11-25,22.71,1.397216717,22.43,22.47,9692526
2010-11-26,22.56,1.4910538205,22.5,22.52,12426644
2010-11-29,22.5,1.5809836435,22.43,22.78,7129267
2010-11-30,22.72,1.6661076369,22.53,22.66,7430941
2010-12-01,22.51,1.7455752699,22.38,22.65,6247742
2010-12-02,22.86,1.8185925283,22.86,23.42,10082261
2010-12-03,23.64,1.8844298476,23.09,23.31,8086557
2010-12-06,23.35,1.9424294032,23.11,23.27,5391962
2010-12-07,23.2,1.9920116827,23.11,23.49,7455403
2010-12-08,23.49,2.0326812763,23.02,23.15,8708029
2010-12-09,23.31,2.0640318269,23.18,23.65,9962530
2010-12-10,23.75,2.0857500901,23.67,23.83,7384530
2010-12-13,23.95,2.0976190643,23.82,24.1,9105070
2010-12-14,24.03,2.0995201586,23.76,23.95,4841689
2010-12-15,24,2.0914343778,23.7,23.82,6887698
2010-12-16,23.6,2.0734425125,23.55,23.76,8657110
2010-12-17,23.75,2.0457243313,23.58,23.59,4700581
2010-12-20,23.54,2.0085567853,23.23,23.28,7843889
2010-12-21,23.42,1.9623112402,23.4,23.7,5651276
2010-12-22,23.73,1.9074497662,23.58,23.63,4156804
2010-12-23,23.68,1.844520521,23.61,23.71,4583388
2010-12-24,23.72,1.7741522729,23.45,23.72,7455399
2010-12-27,23.72,1.6970481182,23.72,23.72,0
2010-12-28,23.72,1.613978456,23.72,23.72,0
2010-12-29,23.6,1.525773291,23.5,23.73,3213954
2010-12-30,23.7,1.43331394,23.64,23.68,2503910
2010-12-31,23.62,1.3375242262,23.35,23.35,2824017
2011-01-03,23.35,1.239361249,23.35,23.35,0
2011-01-04,23.55,1.1398058202,23.14,23.26,4429870
2011-01-05,23.22,1.0398526648,23,23.18,5643118
2011-01-06,23.15,0.9405004817,22.92,23.09,7477973
2011-01-07,22.96,0.842741965,22.79,22.92,4824262
2011-01-10,22.92,0.7475538856,22.78,22.96,3933795
2011-01-11,22.83,0.6558873313,22.8,22.83,5762719
2011-01-12,22.9,0.5686582039,22.48,22.72,7360169
2011-01-13,22.93,0.4867380682,22.88,22.96,7499309
2011-01-14,23.05,0.4109454429,22.99,23.05,6593102
2011-01-17,23.15,0.3420376231,22.59,22.71,7961451
2011-01-18,22.75,0.2807031127,22.72,22.99,5201077
2011-01-19,23.04,0.227554746,22.85,23.24,6457265
2011-01-20,23.18,0.1831235639,22.97,23.06,5067717
2011-01-21,23.3,0.1478535081,23.2,23.33,9153404
2011-01-24,23.4,0.1220969852,23.34,23.66,6731482
2011-01-25,23.75,0.1061113461,23.58,23.61,5976058
2011-01-26,23.61,0.1000563138,23.61,23.61,0
2011-01-27,23.71,0.1039923883,23.47,23.58,6515775
2011-01-28,23.5,0.1178802417,23.48,23.63,11076168
2011-01-31,23.36,0.141581111,23.32,23.67,10045648
2011-02-01,23.61,0.174858185,23.57,23.67,7035176
2011-02-02,23.92,0.2173789703,23.7,23.75,6985206
2011-02-03,23.8,0.2687186131,23.7,23.94,7313566
2011-02-04,24.08,0.3283641447,23.96,24.19,7978590
2011-02-07,24.27,0.3957196068,24.1,24.24,4881149
2011-02-08,24.38,0.4701120057,24.38,24.42,5743075
2011-02-09,24.85,0.5507980373,24.81,24.92,14796701
2011-02-10,25.03,0.6369715133,24.88,25.1,7961529
2011-02-11,25.01,0.7277714169,24.91,24.91,5320194
2011-02-14,25.02,0.8222905055,24.99,25.65,11642700
2011-02-15,25.65,0.9195843755,25.37,25.48,8891576
2011-02-16,25.35,1.0186808989,25.33,25.71,6974653
2011-02-17,25.84,1.1185899358,25.49,25.65,6350733
2011-02-18,25.1,1.2183132282,24.78,24.89,12598339
2011-02-21,24.8,1.3168543739,24.56,24.65,11476933
2011-02-22,24.55,1.4132287824,24.23,24.36,11322008
2011-02-23,24.3,1.5064735125,24.18,24.21,11683010
2011-02-24,24.25,1.5956568936,24.04,24.08,6725009
2011-02-25,24.05,1.6798878348,24.02,24.23,9663924
2011-02-28,24.3,1.7583247285,24.04,24.13,3778518
2011-03-01,24.3,1.8301838592,24.01,24.02,6372244
2011-03-02,23.86,1.894747234,23.67,23.86,8025096
2011-03-03,23.75,1.9513697572,23.58,23.6,13365194
2011-03-04,23.73,1.9994856752,23.67,23.74,11837099
2011-03-07,23.65,2.0386142297,23.46,23.49,4671060
2011-03-08,23.42,2.0683644611,23.35,23.77,6296612
2011-03-09,23.93,2.0884391149,23.65,23.77,8879191
2011-03-10,23.8,2.0986376117,23.34,23.6,9109834
2011-03-11,23.3,2.0988580517,23,23.17,9716445
2011-03-14,23,2.0890982322,22.65,22.96,8978938
2011-03-15,22.96,2.0694556701,22.15,22.63,9998429
2011-03-16,22.46,2.0401266274,22.4,22.62,11207305
2011-03-17,22.45,2.0014041502,22.2,22.45,14957629
2011-03-18,22.66,1.9536751407,22.25,22.7,13459873
2011-03-21,22.85,1.8974164914,22.6,23.04,9081049
2011-03-22,23.3,1.8331903201,23.01,23.04,9031027
2011-03-23,23.23,1.7616383535,23,23.08,6449805
2011-03-24,23.2,1.6834755151,23.09,23.29,6851481
2011-03-25,23.47,1.5994827823,23.25,23.37,13979994
2011-03-28,23.25,1.5104993826,23.25,23.44,4067906
2011-03-29,23.43,1.4174144088,23.34,23.51,8290819
2011-03-30,23.65,1.3211579351,23.58,23.88,9839139
2011-03-31,23.92,1.2226917245,23.65,23.81,8151996
2011-04-01,23.92,1.1229996187,23.8,23.87,5116257
2011-04-04,24,1.0230777083,23.75,23.86,4496270
2011-04-05,23.94,0.9239243801,23.81,23.94,5189113
2011-04-06,23.95,0.8265303412,23.83,23.93,6941165
2011-04-07,24.03,0.7318687207,23.97,24.1,6839834
2011-04-08,24.16,0.6408853463,24.01,24.15,6374254
2011-04-11,24.15,0.5544892938,24.06,24.29,12003599
2011-04-12,24.25,0.4735438039,24.04,24.11,7465608
2011-04-13,24.05,0.3988576573,24.04,24.32,7005008
2011-04-14,24.3,0.3311770931,23.95,24.01,8578596
2011-04-15,24.03,0.2711783534,23.61,23.61,8706635
2011-04-18,23.75,0.2194609255,23.57,23.73,6733054
2011-04-19,23.54,0.176541553,23.39,23.4,7225074
2011-04-20,23.59,0.142849072,23.57,23.84,6256307
2011-04-21,24.2,0.1187201268,23.98,24.11,5671705
2011-04-22,24.11,0.1043958056,24.11,24.11,0
2011-04-25,24.11,0.1000192325,24.11,24.11,0
2011-04-26,24.11,0.1056341366,24.11,24.11,0
2011-04-27,24.3,0.1211844158,23.94,24.06,5548389
2011-04-28,24.24,0.1465146967,24.12,24.32,8942207
2011-04-29,24.35,0.1813718876,24.01,24.23,11219981
2011-05-02,24.28,0.2254077069,23.92,24.3,6892413
2011-05-03,23.91,0.2781821634,23.8,23.8,14001076
2011-05-04,23.75,0.339167952,23.29,23.45,9570817
2011-05-05,23.36,0.4077557229,23.16,23.59,6787025
2011-05-06,23.48,0.4832601698,23.24,23.24,15499597
2011-05-09,23.58,0.5649268772,23.36,23.39,9204941
2011-05-10,23.48,0.6519398584,23.07,23.07,10062179
2011-05-11,23.37,0.7434297084,23.14,23.17,10999089
2011-05-12,22.37,0.8384822909,22.24,22.38,13393107
2011-05-13,22.43,0.9361478719,22.19,22.46,7677698
2011-05-16,22.19,1.0354506092,22.18,22.32,5645129
2011-05-17,22.35,1.1353983027,22.24,22.49,5253981
2011-05-18,22.47,1.2349923081,22.42,22.69,8724944
2011-05-19,22.88,1.3332375149,22.71,22.98,9394029
2011-05-20,22.86,1.4291522896,22.7,22.79,9234834
2011-05-23,22.51,1.5217782834,22.02,22.02,15356018
2011-05-24,21.85,1.610190008,21.7,21.8,14086225
2011-05-25,21.7,1.6935040827,21.38,21.7,16115674
2011-05-26,22,1.7708880608,21.72,22.07,20632373
2011-05-27,21.95,1.8415687472,21.76,21.99,13707952
2011-05-30,22.05,1.9048399237,21.76,21.97,12855600
2011-05-31,22.05,1.9600694058,22.03,22.13,11126050
2011-06-01,22.07,2.0067053587,21.81,22,10480122
2011-06-02,21.61,2.0442818114,21.35,21.44,11436398
2011-06-03,21.44,2.0724233123,21.29,21.37,8629078
2011-06-06,21.32,2.090848681,21.14,21.25,8283034
2011-06-07,21.12,2.0993738171,21.06,21.33,8422073
2011-06-08,21.3,2.0979135404,21.07,21.34,9447743
2011-06-09,21.3,2.0864824415,21.16,21.5,11052918
2011-06-10,21.65,2.0651947362,21.42,21.53,7761835
2011-06-13,21.53,2.034263124,21.53,21.53,0
2011-06-14,21.48,1.9939966636,21.28,21.83,7523265
2011-06-15,21.85,1.944797684,21.58,21.82,6970132
2011-06-16,21.6,1.8871577652,21.24,21.35,15439196
2011-06-17,21.55,1.8216528263,21.13,21.34,6247751
2011-06-20,21.45,1.7489373708,21.24,21.24,7975430
2011-06-21,21.51,1.6697379476,21.38,21.55,7534451
2011-06-22,21.75,1.5848458912,21.66,21.72,8404191
2011-06-23,21.68,1.4951094149,21.37,21.45,9969605
2011-06-24,21.45,1.401425136,21.36,21.47,13547088
2011-06-27,21.2,1.3047291167,21.16,21.24,7216047
2011-06-28,21.47,1.2059875118,21.22,21.4,7754838
2011-06-29,21.52,1.1061869146,21.45,21.6,6909627
2011-06-30,21.7,1.0063244999,21.63,22,10285350
2011-07-01,21.98,0.9073980598,21.83,21.95,6710904
2011-07-04,22.13,0.8103960346,21.9,21.94,9105467
2011-07-05,22.08,0.7162876366,21.91,21.93,8620919
2011-07-06,21.95,0.6260131656,21.68,21.85,7306265
2011-07-07,21.72,0.5404746144,21.64,21.77,7369002
2011-07-08,21.88,0.4605266559,21.77,21.9,5486590
2011-07-11,21.66,0.3869681036,21.51,21.56,5564868
2011-07-12,21.35,0.3205339304,21.05,21.08,8172986
2011-07-13,21.15,0.2618879245,21.05,21.16,6488709
2011-07-14,21.05,0.2116160574,20.82,20.98,7803915
2011-07-15,20.83,0.170220629,20.66,20.78,7798114
2011-07-18,20.83,0.1381152487,20.58,20.75,5777404
2011-07-19,20.6,0.1156207029,20.45,20.77,6694134
2011-07-20,21.05,0.1029617496,21.03,21.2,6931815
2011-07-21,21.29,0.100264873,21.245,21.26,5861248
2011-07-22,21.65,0.1075570193,21.62,21.73,9105852
2011-07-25,21.59,0.1247653278,21.18,21.31,8037869
2011-07-26,21.43,0.1517178587,21.37,21.55,9038500
2011-07-27,21.42,0.1881453114,21.17,21.28,10119246
2011-07-28,20.99,0.2336837147,20.9,20.99,7608389
2011-07-29,21.01,0.2878780639,20.8,20.83,16092152
2011-08-01,21.07,0.3501868671,21.05,21.29,5706748
2011-08-02,21.01,0.4199875553,20.68,20.82,10401211
2011-08-03,20.45,0.496582703,20.21,20.29,9980123
2011-08-04,20.31,0.5792069969,19.73,19.81,14370446
2011-08-05,18.98,0.6670348823,18.62,19.1,22751444
2011-08-08,18.78,0.759188812,18.45,18.5,17040445
2011-08-09,17.93,0.8547480145,17.63,19.01,23219682
2011-08-10,19.77,0.9527576938,19.67,19.8,17182001
2011-08-11,19.28,1.0522385695,19.25,20.09,18268116
2011-08-12,20.25,1.1521966616,19.7,19.92,13821184
2011-08-15,20.22,1.251633222,20.1,20.65,10254221
2011-08-16,20.64,1.3495547133,20.23,20.35,13756265
2011-08-17,20.35,1.4449827364,20.21,20.58,11306756
2011-08-18,20.47,1.5369638061,20.2,20.42,9814932
2011-08-19,19.3,1.6245788778,19.27,19.5,20169038
2011-08-22,19.41,1.7069525308,19.08,19.3,13733322
2011-08-23,19.4,1.7832617147,19.31,19.82,12245370
2011-08-24,20.15,1.8527439735,19.61,19.69,7277938
2011-08-25,19.89,1.9147050633,19.79,19.88,8825937
2011-08-26,19.77,1.9685258894,19.7,19.85,11680882
2011-08-29,20.1,2.0136686919,20.03,20.21,8298704
2011-08-30,20.43,2.0496824188,20.13,20.18,9619788
2011-08-31,20.07,2.076207233,19.91,20.29,11228026
2011-09-01,20.15,2.0929781071,20.15,20.27,8063479
2011-09-02,20.16,2.0998274723,19.81,19.92,7945567
2011-09-05,19.61,2.0966868918,19.32,19.41,11191494
2011-09-06,19,2.0835877454,18.99,19.26,12696919
2011-09-07,19.6,2.0606609154,19.55,20.03,10664270
2011-09-08,20.23,2.0281354791,19.82,19.92,11915930
2011-09-09,19.97,1.9863364198,19.9,19.94,7195301
2011-09-12,19.46,1.93568138,19.09,19.21,9289819
2011-09-13,19.31,1.8766764882,19.23,19.32,8883440
2011-09-14,19.4,1.8099113015,18.93,19.02,11518019
2011-09-15,19.58,1.7360529159,19.04,19.41,12719497
2011-09-16,19.7,1.6558392997,19.65,19.8,7769871
2011-09-19,19.69,1.570071921,19.26,19.41,6488437
2011-09-20,19.48,1.479607739,19.21,19.32,9951134
2011-09-21,19.5,1.385350642,19.07,19.39,9276608
2011-09-22,18.91,1.2882424157,18.8,18.98,8842326
2011-09-23,18.8,1.1892533334,18.65,18.75,10375636
2011-09-26,19.03,1.0893724613,18.75,18.78,11292504
2011-09-27,19.3,0.9895977761,19.26,19.79,10307153
2011-09-28,19.8,0.8909261934,19.6,19.74,12351688
2011-09-29,19.5,0.794343607,19.44,19.58,7999885
2011-09-30,19.65,0.7008150383,19.25,19.52,14146474
2011-10-03,19.1,0.6112749938,18.87,18.94,5723363
2011-10-04,18.8,0.526618128,18.68,18.98,10276104
2011-10-05,19.47,0.4476903043,19,19.17,8944095
2011-10-06,19.5,0.3752801435,19.42,20.04,12290612
2011-10-07,20.32,0.3101111439,20.28,20.71,12955591
2011-10-10,20.69,0.2528344527,20.61,21,7800069
2011-10-11,21.3,0.2040223596,20.94,21.2,9758371
2011-10-12,21,0.1641625789,20.85,21.08,6752618
2011-10-13,21.16,0.1336533763,20.82,21.1,8784974
2011-10-14,20.95,0.1127995898,20.91,20.99,6492949
2011-10-17,21.2,0.1018095835,21.19,21.36,7337202
2011-10-18,21.03,0.1007931658,21.01,21.07,9845180
2011-10-19,21.26,0.1097604926,21.17,21.3,9591270
2011-10-20,21.35,0.1286219651,20.95,21.12,7286145
2011-10-21,21.13,0.1571891259,21.12,21.21,8856605
2011-10-24,21.41,0.1951765413,21.38,21.71,7815606
2011-10-25,21.77,0.2422046536,21.38,21.55,8662637
2011-10-26,21.33,0.2978035735,21.22,21.59,7314506
2011-10-27,21.58,0.3614177749,21.56,22,6805974
2011-10-28,22.4,0.4324116457,22.01,22.08,16434494
2011-10-31,22.05,0.5100758387,21.68,21.68,9913196
2011-11-01,21.26,0.5936343589,21.25,21.36,6360039
2011-11-02,20.94,0.6822523172,20.69,20.9,15482430
2011-11-03,20.66,0.7750442723,20.44,20.49,13238485
2011-11-04,20.9,0.8710830776,20.78,21.02,10004406
2011-11-07,21,0.9694091451,20.9,21.19,7837803
2011-11-08,21.51,1.0690400332,21.35,21.58,13011285
2011-11-09,21.75,1.1689802631,21.7,21.76,9458366
2011-11-10,20.44,1.2682312651,20.41,20.52,21362574
2011-11-11,20.63,1.3658013558,20.53,20.7,8248517
2011-11-14,21.08,1.4607156472,20.66,20.66,7135691
2011-11-15,20.59,1.5520257872,20.5,20.7,7383488
2011-11-16,20.67,1.6388194349,20.47,20.47,7289688
2011-11-17,20.5,1.7202293769,20.34,20.58,8031160
2011-11-18,20.28,1.795442192,19.99,20.06,11468119
2011-11-21,19.98,1.8637063786,19.65,19.75,7797338
2011-11-22,19.49,1.9243398635,19.35,19.54,11987561
2011-11-23,19.4,1.976736817,19.02,19.1,11265925
2011-11-24,19,2.020373706,19,19.01,11529680
2011-11-25,19,2.0548145252,18.6,18.77,13759252
2011-11-28,18.95,2.0797151532,18.89,19.2,11940531
2011-11-29,19.37,2.0948267914,19.11,19.51,8685348
2011-11-30,19.5,2.099998449,19.4,19.9,20029228
2011-12-01,20.5,2.0951784527,20.28,20.5,12210003
2011-12-02,20.49,2.0804149623,20.41,20.88,10217817
2011-12-05,20.86,2.0558554896,20.85,21.05,10468686
2011-12-06,20.99,2.0217454249,20.94,20.99,10155720
2011-12-07,21.13,1.9784255846,21.07,21.24,7792312
2011-12-08,21.18,1.9263288062,21.03,21.13,7660742
2011-12-09,20.74,1.8659756235,20.53,20.85,8575994
2011-12-12,21.08,1.7979690656,20.89,20.95,7176516
2011-12-13,20.6,1.7229886314,20.6,20.74,9168312
2011-12-14,20.71,1.6417835009,20.71,20.97,10971557
2011-12-15,20.91,1.5551650486,20.55,20.78,15163958
2011-12-16,20.82,1.4639987377,20.65,20.93,7663721
2011-12-19,20.72,1.3691954717,20.54,20.65,9511264
2011-12-20,20.64,1.2717024935,20.34,20.41,9602537
2011-12-21,20.7,1.1724939208,20.65,20.85,7469844
2011-12-22,20.75,1.0725610128,20.48,20.55,10357413
2011-12-23,20.74,0.972902266,20.66,20.85,10760547
2011-12-26,20.85,0.8745134378,20.85,20.85,0
2011-12-27,20.85,0.7783775968,20.85,20.85,0
2011-12-28,20.93,0.6854553006,20.47,20.73,5071049
2011-12-29,20.62,0.5966749979,20.43,20.65,3450807
2011-12-30,20.76,0.5129237523,20.46,20.53,2355556
2012-01-02,20.53,0.4350383785,20.53,20.53,0
2012-01-03,20.79,0.3637970814,20.68,20.68,4087042
2012-01-04,20.97,0.2999116805,20.82,21.02,8424846
2012-01-05,20.93,0.2440204977,20.65,20.74,5164487
2012-01-06,20.75,0.1966819791,20.35,20.45,6930265
2012-01-09,20.67,0.1583691155,20.31,20.54,6036830
2012-01-10,20.73,0.1294647165,20.61,20.75,6207962
2012-01-11,20.85,0.1102575852,20.84,21.08,7647733
2012-01-12,21.12,0.1009396329,20.96,21.1,11890143
2012-01-13,21.18,0.1016039616,21.12,21.2,5223426
2012-01-16,20.95,0.1122439335,20.7,20.86,6111200
2012-01-17,21.05,0.1327532375,20.92,21.05,5884599
2012-01-18,21.01,0.1629269514,20.79,20.79,10111076
2012-01-19,20.97,0.2024635895,20.81,20.82,6150491
2012-01-20,20.95,0.2509681147,20.8,20.89,4237578
2012-01-23,20.88,0.3079558858,20.78,20.87,3219645
2012-01-24,20.95,0.3728574999,20.87,20.95,6111529
2012-01-25,21.03,0.4450244815,20.99,21.42,12136738
2012-01-26,21.42,0.523735762,21.42,21.42,0
2012-01-27,21.5,0.6082048843,21.4,21.5,11003766
2012-01-30,21.54,0.6975878608,21.38,21.47,6199173
2012-01-31,21.47,0.7909916063,21.35,21.41,7465592
2012-02-01,21.3,0.8874828616,21.17,21.27,7402176
2012-02-02,21.5,0.9860975179,21.29,21.36,10247971
2012-02-03,21.41,1.0858502502,21.09,21.11,8668955
2012-02-06,21.38,1.185744362,21.25,21.33,6589076
2012-02-07,21.15,1.2847817446,21.15,21.36,11476244
2012-02-08,21.38,1.381972849,21.36,21.61,14970804
2012-02-09,21.6,1.4763465739,21.35,21.62,7865155
2012-02-10,21.7,1.5669599683,21.36,21.42,6899595
2012-02-13,21.52,1.652907653,21.44,21.77,7221280
2012-02-14,21.76,1.7333308672,21.56,21.69,7093306
2012-02-15,21.74,1.8074260488,21.5,21.7,7801508
2012-02-16,21.6,1.8744528631,21.12,21.2,11759373
2012-02-17,21.55,1.9337416004,21.4,21.55,9859201
2012-02-20,21.8,1.9846998672,21.75,21.95,7416057
2012-02-21,21.95,2.0268185054,21.78,22,7137453
2012-02-22,21.91,2.0596766795,21.84,22.14,6735401
2012-02-23,22.05,2.0829460814,21.91,22.07,5059478
2012-02-24,22.18,2.096394211,22.06,22.2,10122737
2012-02-27,22.18,2.0998866989,21.97,22.08,4411291
2012-02-28,22.13,2.0933886496,21.79,21.88,8772322
2012-02-29,21.96,2.0769649891,21.8,21.95,9427594
2012-03-01,21.85,2.0507798175,21.69,21.69,6749594
2012-03-02,21.97,2.0150947682,21.87,22,7806297
2012-03-05,21.94,1.9702663945,21.94,22.2,7202476
2012-03-06,22.2,1.9167426066,22.07,22.09,9065288
2012-03-07,21.95,1.8550581966,21.7,21.75,7917029
2012-03-08,21.89,1.7858294947,21.62,21.79,8694441
2012-03-09,21.9,1.7097482112,21.71,21.93,6466626
2012-03-12,21.87,1.6275745251,21.68,21.74,5741891
2012-03-13,21.82,1.5401294887,21.79,22.11,8145241
2012-03-14,22.28,1.448286824,22.26,22.3,9294211
2012-03-15,22.4,1.3529641925,22.26,22.28,9631350
2012-03-16,22.33,1.2551140263,22.3,22.51,7307750
2012-03-19,22.59,1.1557140121,22.47,22.57,7392687
2012-03-20,22.54,1.0557573219,22.41,22.53,4964810
2012-03-21,22.48,0.9562426899,22.38,22.42,5654494
2012-03-22,22.46,0.8581644335,22.46,22.65,5997194
2012-03-23,22.56,0.762502518,22.53,22.74,7022298
2012-03-26,22.69,0.6702127659,22.66,22.81,5761103
2012-03-27,23.02,0.5822173057,23.02,23.18,10460242
2012-03-28,23.16,0.4993953591,23.12,23.45,10678413
2012-03-29,23.55,0.4225744555,23.39,23.46,10604084
2012-03-30,23.44,0.352522164,23.26,23.26,17541773
2012-04-02,23.5,0.2899384239,23.05,23.06,8970121
2012-04-03,23.07,0.2354485514,22.91,22.99,7933211
2012-04-04,22.8,0.1895969911,22.79,23.01,7213844
2012-04-05,22.95,0.1528418768,22.77,23.04,5952048
2012-04-06,23.04,0.1255504534,23.04,23.04,0
2012-04-09,23.04,0.1079954077,23.04,23.04,0
2012-04-10,22.8,0.100352144,22.8,22.98,6560878
2012-04-11,22.8,0.1026970312,22.69,22.77,7470594
2012-04-12,22.94,0.11500664,22.75,22.98,4699164
2012-04-13,23.18,0.1371579769,22.87,22.98,5641305
2012-04-16,22.86,0.168929713,22.86,23.12,7635810
2012-04-17,23.15,0.2100043956,22.96,23,6593015
2012-04-18,23.26,0.2599716202,23.2,23.26,7174809
2012-04-19,23.3,0.3183321306,23.26,23.3,8421873
2012-04-20,23.39,0.384502808,23.3,23.45,5278478
2012-04-23,23.5,0.4578224968,23.46,23.46,4078531
2012-04-24,23.3,0.5375586109,23.29,23.72,7588384
2012-04-25,23.72,0.6229144535,23.72,23.72,0
2012-04-26,23.89,0.7130371772,23.73,23.73,8661341
2012-04-27,23.73,0.8070263055,23.64,23.66,10049656
2012-04-30,23.85,0.9039427301,23.76,23.91,5341008
2012-05-01,23.95,1.0028180941,23.77,23.99,5390616
2012-05-02,23.91,1.1026644676,23.65,23.8,8572093
2012-05-03,23.6,1.2024842186,23.56,23.64,10164617
2012-05-04,23.51,1.3012799812,23.39,23.44,8104813
2012-05-07,23.19,1.3980646208,23.02,23.1,9766115
2012-05-08,23.24,1.4918710972,22.93,23.11,8246635
2012-05-09,23.09,1.5817621271,22.86,23.12,12263040
2012-05-10,22.3,1.6668395491,22.03,22.15,27062166
2012-05-11,22.09,1.7462532977,21.97,22.04,9752200
2012-05-14,22.13,1.819209897,22.11,22.2,5509039
2012-05-15,22.09,1.8849803887,21.975,22.11,5930350
2012-05-16,21.97,1.9429076158,21.52,21.61,9962975
2012-05-17,21.55,1.9924127887,21.31,21.57,12854485
2012-05-18,21.19,2.033001268,20.62,20.84,13172971
2012-05-21,20.84,2.064267507,20.82,20.92,13390280
2012-05-22,21.05,2.0858991039,20.81,21.06,9596571
2012-05-23,20.96,2.0976799228,20.63,20.65,9496866
2012-05-24,20.52,2.0994922537,20.43,20.47,9061820
2012-05-25,20.4,2.0913179884,20.26,20.38,10796350
2012-05-28,20.45,2.0732388014,20.4,20.58,9396849
2012-05-29,20.42,2.045435334,20.41,20.94,8612695
2012-05-30,20.94,2.0081853893,20.72,20.97,7430937
2012-05-31,20.68,1.9618611564,20.66,20.9,11012227
2012-06-01,20.9,1.9069254917,20.77,21.24,7153538
2012-06-04,20.78,1.8439272943,20.7,20.87,8221339
2012-06-05,21.19,1.7734960212,21.14,21.32,8192005
2012-06-06,21.42,1.6963353985,21.12,21.34,6991483
2012-06-07,21.6,1.6132163896,21.42,21.81,7113261
2012-06-08,21.94,1.5249694922,21.4,21.56,6969151
2012-06-11,21.56,1.4324764401,21.56,21.56,0
2012-06-12,21.68,1.3366613934,21.63,21.77,6111429
2012-06-13,21.9,1.2384817042,21.48,21.57,5880648
2012-06-14,21.57,1.1389183516,21.265,21.36,5642126
2012-06-15,21.4,1.0389661397,21.16,21.28,6341111
2012-06-18,21.59,0.9396237579,21.53,21.8,7488247
2012-06-19,21.69,0.8418838026,21.47,21.68,4692403
2012-06-20,21.82,0.746722859,21.61,21.75,9676399
2012-06-21,21.92,0.6550917438,21.52,21.58,13538794
2012-06-22,21.33,0.5679060048,21.14,21.28,6510933
2012-06-25,21.28,0.4860367731,21,21.34,6861736
2012-06-26,21.18,0.4103020591,21.11,21.3,4289988
2012-06-27,21.4,0.3414585789,21.27,21.54,4696173
2012-06-28,21.68,0.2801941938,21.44,21.5,5476356
2012-06-29,21.49,0.2271210373,21.44,22.03,14269439
2012-07-02,22.23,0.182769399,22.14,22.35,8941785
2012-07-03,22.39,0.1475824255,22.16,22.26,5003997
2012-07-04,22.4,0.1219116937,22.14,22.37,3606378
2012-07-05,22.37,0.1060136969,22.34,22.48,5565371
2012-07-06,22.49,0.1000472827,22.39,22.58,6616215
2012-07-09,22.47,0.1040720655,22.37,22.5,4707530
2012-07-10,22.48,0.118047831,22.26,22.34,4993059
2012-07-11,22.35,0.1418349379,22.15,22.44,7692393
2012-07-12,22.51,0.1751957135,22.17,22.18,5977314
2012-07-13,22.15,0.2177968278,22.1,22.35,6164665
2012-07-16,22.51,0.2692126245,22.39,22.48,4142097
2012-07-17,22.58,0.3289293741,22.53,22.87,6832747
2012-07-18,22.94,0.3963504065,22.87,22.96,6670374
2012-07-19,23.2,0.4708020731,23.03,23.23,5955445
2012-07-20,23.18,0.5515404774,22.98,23.07,4929322
2012-07-23,22.91,0.6377589079,22.73,22.82,5172690
2012-07-24,22.75,0.7285958986,22.58,22.75,3338890
2012-07-25,22.61,0.8231438363,22.44,22.64,3405714
2012-07-26,22.64,0.9204580293,22.545,22.66,3825519
2012-07-27,22.87,1.0195661463,22.79,23.08,8486867
2012-07-30,23.3,1.1194779318,23.26,23.4,5100872
2012-07-31,23.4,1.2191951002,23.32,23.54,5940996
2012-08-01,23.52,1.3177213106,23.38,23.52,4666881
2012-08-02,23.58,1.4140721216,23.47,23.5,4110857
2012-08-03,23.34,1.5072848278,23.22,23.34,4137358
2012-08-06,23.64,1.5964280786,23.56,23.56,3399328
2012-08-07,23.64,1.6806111842,23.565,23.66,3626149
2012-08-08,23.73,1.7589930148,23.69,23.75,4242179
2012-08-09,23.87,1.8307904049,23.8,23.82,6072753
2012-08-10,23.81,1.8952859789,23.72,23.84,9459520
2012-08-13,23.95,1.9518353183,23.74,23.8,3938448
2012-08-14,23.69,1.9998734008,23.61,23.76,5902143
2012-08-15,23.85,2.0389202457,23.42,23.63,4553814
2012-08-16,24,2.0685857099,23.72,23.9,5899839
2012-08-17,24,2.0885733859,23.98,24.61,9662060
2012-08-20,24.72,2.0986835633,24.46,24.78,6447745
2012-08-21,24.74,2.0988152247,24.71,24.95,5376084
2012-08-22,24.84,2.0889670546,24.63,24.96,6118797
2012-08-23,25,2.0692374525,24.86,25,5200416
2012-08-24,25,2.0398235502,24.75,24.77,4632097
2012-08-27,24.81,2.0010192417,24.64,24.7,3550984
2012-08-28,24.75,1.9532122467,24.7,24.94,4136004
2012-08-29,24.85,1.896880237,24.72,24.98,4585908
2012-08-30,24.89,1.8325860634,24.75,24.86,5313570
2012-08-31,24.8,1.760972132,24.71,24.82,12934334
2012-09-03,24.76,1.6827539855,24.66,24.84,4270445
2012-09-04,24.72,1.5987131539,24.19,24.34,7938511
2012-09-05,24.28,1.5096893453,24.05,24.17,8618530
2012-09-06,24.3,1.4165720561,24.14,24.21,7859843
2012-09-07,24.49,1.3202916837,24.12,24.16,4966715
2012-09-10,24.2,1.2218102295,24,24.19,4095435
2012-09-11,24.05,1.1221116878,24.04,24.1,4280944
2012-09-12,24.02,1.0221922134,24.01,24.2,6511160
2012-09-13,24.07,0.9230501687,24,24.14,4403684
2012-09-14,24.33,0.8256761482,24.18,24.23,5576568
2012-09-17,24.35,0.731043081,24.18,24.39,4920029
2012-09-18,24.48,0.6400965093,24.375,24.39,5967243
2012-09-19,24.31,0.5537451413,24.29,24.55,10625560
2012-09-20,24.62,0.4728517713,24.56,24.74,14807528
2012-09-21,24.72,0.3982246591,24.68,24.84,7254676
2012-09-24,24.8,0.3306094541,24.61,24.7,9104346
2012-09-25,24.5,0.2706817451,24.36,24.56,6529789
2012-09-26,24.4,0.2190403099,24.38,24.5,5912961
2012-09-27,24.42,0.1762011328,24.4,24.67,9133954
2012-09-28,24.62,0.1425922486,24.55,24.75,17210419
2012-10-01,24.62,0.1185494662,24.62,24.79,2735075
2012-10-02,24.81,0.1043130131,24.8,24.99,6889045
2012-10-03,25.04,0.1000251352,25.01,25.05,4277986
2012-10-04,25.17,0.1057286757,25.11,25.3,5155531
2012-10-05,25.4,0.1213666465,25.26,25.5,4428139
2012-10-08,25.45,0.1467827983,25.42,25.52,3526026
2012-10-09,25.58,0.1817231813,25.55,25.62,3950229
2012-10-10,25.44,0.2258386828,25.39,25.56,4312380
2012-10-11,25.51,0.2786885151,25.43,25.61,5003954
2012-10-12,25.63,0.3397446204,25.63,25.66,5261970
2012-10-15,25.68,0.408396946,25.68,25.77,3908882
2012-10-16,25.93,0.4839595408,25.75,25.79,3269656
2012-10-17,25.95,0.5656774082,25.92,25.96,6583080
2012-10-18,27.63,0.6527340503,25.95,25.95,6807469
2012-10-19,25.96,0.744259626,25.51,25.66,8463864
2012-10-22,25.5,0.8393396418,25.45,25.66,5093181
2012-10-23,25.6,0.9370240898,25.53,25.71,4376029
2012-10-24,25.59,1.0363369393,25.58,25.6,4872772
2012-10-25,25.5,1.136285889,25.18,25.38,8853199
2012-10-26,25.48,1.235872282,25.2,25.23,14923749
2012-10-29,25.25,1.3341010842,25.18,25.23,5875427
2012-10-30,25.34,1.4299908257,25.28,25.38,4536412
2012-10-31,25.44,1.5225834079,25.29,25.45,6736348
2012-11-01,25.47,1.6109536764,25.3,25.33,8898763
2012-11-02,25.49,1.6942186647,25.08,25.15,8650900
2012-11-05,25.02,1.7715464165,24.82,25.16,7332929
2012-11-06,25.2,1.8421642985,25.16,25.25,3720901
2012-11-07,25.39,1.9053667202,25.22,25.51,8099973
2012-11-08,24.45,1.9605221838,24.31,24.37,36934578
2012-11-09,24.25,2.0070795942,24.21,24.56,10028478
2012-11-12,24.5,2.0445737651,24.43,24.45,4417259
2012-11-13,24.45,2.0726300672,24.05,24.05,7017115
2012-11-14,24.17,2.0909681712,23.96,24.2,5072325
2012-11-15,24.02,2.0994048488,23.91,23.91,439212
2012-11-16,24.02,2.0978558035,23.63,23.66,7216116
2012-11-19,23.76,2.0863365129,23.42,23.65,5956678
2012-11-20,23.77,2.0649620738,23.5,23.54,6200971
2012-11-21,23.67,2.0339460527,23.52,23.52,4807505
2012-11-22,23.67,1.9935983514,23.62,23.74,5947640
2012-11-23,23.75,1.9443221107,23.5,23.6,5878046
2012-11-26,23.64,1.8866096826,23.5,23.57,3972143
2012-11-27,23.52,1.8210377105,23.52,23.81,5960376
2012-11-28,23.76,1.748261368,23.7,23.82,4514743
2012-11-29,23.85,1.6690078122,23.83,24.09,7641624
2012-11-30,24.2,1.5840689184,24.14,24.36,14476658
2012-12-03,24.45,1.494293368,24.4,24.69,7524444
2012-12-04,24.64,1.4005781686,24.51,24.59,6712454
2012-12-05,24.64,1.3038596915,24.59,24.77,4125206
2012-12-06,24.86,1.2051043157,24.625,24.72,5441103
2012-12-07,24.82,1.1052987724,24.8,24.89,4290970
2012-12-10,24.87,1.0054402855,24.79,24.84,3371634
2012-12-11,24.95,0.906526608,24.79,24.89,5587470
2012-12-12,24.97,0.8095460526,24.66,24.7,6093764
2012-12-13,24.65,0.7154676171,24.65,24.68,5808797
2012-12-14,24.82,0.6252313021,24.65,24.65,4794585
2012-12-17,24.52,0.539738719,24.39,24.49,4428170
2012-12-18,24.49,0.4598440813,24.49,24.51,5596432
2012-12-19,24.72,0.38634567,24.47,24.64,4750038
2012-12-20,24.72,0.3199778569,24.62,24.8,10181951
2012-12-21,24.98,0.2614037672,24.885,24.95,11350696
2012-12-24,24.9,0.2112086538,24.9,24.97,921329
2012-12-25,24.97,0.1698940498,24.97,24.97,0
2012-12-26,24.97,0.137872757,24.97,24.97,0
2012-12-27,24.91,0.1154647215,24.85,24.91,1403948
2012-12-28,24.92,0.1028938372,24.92,25,1829169
2012-12-31,24.95,0.1002857079,24.87,25.05,2103529
2013-01-01,25.05,0.1076663935,25.05,25.05,0
2013-01-02,25.09,0.1249621484,25,25.09,2350937
2013-01-03,25.27,0.1520001592,25.12,25.18,3074919
2013-01-04,25.3,0.1885102711,25.18,25.26,2933711
2013-01-07,25.35,0.234127687,25.29,25.41,6785432
2013-01-08,25.45,0.2883966129,25.09,25.17,7990959
2013-01-09,25.08,0.3507748115,24.93,25.02,6119375
2013-01-10,25.09,0.4206390205,25.01,25.15,5509075
2013-01-11,25.34,0.4972911799,25.17,25.25,4775092
2013-01-14,25.33,0.5799654066,25.15,25.21,2641514
2013-01-15,25.27,0.6678356471,25.17,25.27,5144938
2013-01-16,25.28,0.7600239309,25.27,25.36,4853927
2013-01-17,25.47,0.8556091432,25.41,25.57,7896252
2013-01-18,25.65,0.9536362282,25.55,25.59,4333622
2013-01-21,25.69,1.0531257316,25.49,25.69,3578963
2013-01-22,25.75,1.1530835871,25.51,25.66,3740196
2013-01-23,25.79,1.2525110491,25.68,25.94,6480968
2013-01-24,25.92,1.350414671,25.87,26,6065149
2013-01-25,25.98,1.4458162323,25.97,26.07,8332840
2013-01-28,26.07,1.5377625122,26.07,26.07,0
2013-01-29,26.08,1.6253348137,26.07,26.51,7956642
2013-01-30,26.53,1.7076581434,26.41,26.58,4274863
2013-01-31,26.6,1.7839099539,26.51,26.58,6132125
2013-02-01,26.65,1.8533283621,26.59,26.74,4652429
2013-02-04,26.9,1.9152197623,26.55,26.55,5916999
2013-02-05,26.34,1.9689657562,26.25,26.64,7861839
2013-02-06,26.75,2.0140293315,26.75,27.03,5505767
2013-02-07,27.1,2.0499602278,26.86,27.51,8394469
2013-02-08,27.45,2.0763994356,27.41,28.12,8862823
2013-02-11,28.18,2.0930827829,27.75,27.77,5456650
2013-02-12,27.77,2.0998435753,27.56,27.56,4318001
2013-02-13,27.81,2.0966142613,27.79,27.81,5218562
2013-02-14,27.74,2.083427107,27.58,28.06,5035578
2013-02-15,27.6,2.0604138741,27.57,27.77,7302800
2013-02-18,27.97,2.0278045032,27.95,28.5,6860665
2013-02-19,28.48,1.9859248165,28.28,28.53,5563493
2013-02-20,28.65,1.9351932618,28.55,28.74,4750605
2013-02-21,28.65,1.8761167321,27.92,27.98,8125766
2013-02-22,28.15,1.8092855006,27.98,28.16,12260994
2013-02-25,28.25,1.7353673228,28.2,28.47,3594357
2013-02-26,28.04,1.6551007648,27.97,28.16,4767196
2013-02-27,28.31,1.5692878234,28.03,28.28,4471422
2013-02-28,28.53,1.4787859132,28.44,28.72,8011621
2013-03-01,28.55,1.3844992994,28.5,28.62,5871341
2013-03-04,28.62,1.2873700626,28.31,28.36,3838738
2013-03-05,28.72,1.1883686861,28.7,28.87,6954090
2013-03-06,29.27,1.0884843589,29.12,29.23,6153725
2013-03-07,29.2,0.9887150922,28.59,29.01,6315948
2013-03-08,29.1,0.8900577474,28.74,29.12,6736832
2013-03-11,29.15,0.7934980763,29.13,29.2,5677561
2013-03-12,29.32,0.7000008711,29.02,29.05,5344254
2013-03-13,29.01,0.6105003249,28.48,28.48,6019253
2013-03-14,28.6,0.5258906977,28.18,28.18,6938012
2013-03-15,28.45,0.4470173809,28.38,28.72,9095412
2013-03-18,28.35,0.3746684505,28.02,28.08,5758875
2013-03-19,28.29,0.3095667933,27.81,27.83,6155841
2013-03-20,27.85,0.2523628833,27.6,27.83,7046773
2013-03-21,28.1,0.2036282833,27.92,28.14,10617319
2013-03-22,28.09,0.1638499331,28.01,28.55,7031920
2013-03-25,28.6,0.1334252849,28.59,28.83,5212333
2013-03-26,28.63,0.1126583318,28.4,28.44,6502659
2013-03-27,28.6,0.1017565703,28.3,28.58,4325664
2013-03-28,28.45,0.1008289271,28.24,28.53,13026721
2013-03-29,28.53,0.109884671,28.53,28.53,0
2013-04-01,28.53,0.12883332,28.53,28.53,0
2013-04-02,28.44,0.1574855454,28.44,28.82,6721502
2013-04-03,29,0.1955550638,28.21,28.27,11142112
2013-04-04,28.2,0.2426614969,27.98,28.03,7640465
2013-04-05,28.1,0.298334173,27.7,27.75,6885389
2013-04-08,27.87,0.362016829,27.72,27.86,3984175
2013-04-09,28.07,0.4330731689,28.04,28.48,6643271
2013-04-10,28.46,0.5107932213,28.2,28.25,6535769
2013-04-11,28.36,0.594400433,28.35,28.69,5915687
2013-04-12,28.85,0.6830594284,28.71,28.71,5140468
2013-04-15,28.69,0.7758843563,28.52,28.79,4842866
2013-04-16,28.6,0.8719477405,28.6,28.86,4252679
2013-04-17,29,0.9702897475,28.96,29.09,5051203
2013-04-18,29.05,1.0699277765,28.95,28.98,8113221
